Стаж_аудитора;Возраст_аудитора;Продолжит_междувахт_отдыха_аудитора;Продолжительность_вахты_аудитора;Время_на_вахте_аудитора;Стаж_работника;Возраст_работника;Продолжительность_вахты_работника;Продолжит_междувахт_отдыха_работника;Балл_анкетирования_работника;Индекс_массы_тела_работника;Адаптационный_потенциал_работника;Нахождение_на_рабочей_вахте_работника;Физическое_утомление_работника;Месяц_ПАБ;Переход_из_ночной_смены_работника;Выход_после_праздника_работника;Стаж_работника_категории;Возраст_работника_категории;Балл_анкетирования_категории;Индекс_массы_тела_работника_категории;Адаптационный_потенциал_категории;Выявление_опасных_действий
20;39;30;30;11;10;34;30;30;0;26.47;2.681;22;0;1;0;1;4;2;3;3;2;0
20;39;30;30;12;3;26;35;30;0;21.45;2.393;31;1;1;0;1;2;2;3;2;1;0
7;35;43;34;14;8;32;47;31;0;20.45;2.464;42;1;1;0;1;4;2;3;2;1;0
7;35;43;34;14;4;30;31;30;-3;22.88;2.508;25;0;1;0;1;3;2;3;2;1;0
20;39;30;30;11;4;36;26;35;5;25.5;2.668;22;0;1;0;1;3;3;3;3;2;0
8;53;31;42;35;8;32;47;31;0;20.45;2.464;46;1;1;0;1;4;2;3;2;1;0
8;53;31;42;35;4;36;26;35;5;25.5;2.668;25;0;1;0;1;3;3;3;3;2;0
10;50;32;55;39;23;44;30;78;-18;24.62;2.753;2;0;1;0;0;5;3;2;2;2;0
10;50;32;55;39;3;32;30;31;-3;32.4;2.828;10;0;1;0;0;2;2;3;3;2;0
8;37;31;39;26;31;55;30;31;-8;29.83;3.06;26;1;1;0;0;6;4;3;3;2;0
8;37;31;39;26;23;42;33;37;3;23.2;2.671;19;0;1;0;0;5;3;3;2;2;0
8;37;31;39;27;13;47;30;33;1;27.7;2.885;23;0;1;0;0;4;4;3;3;2;0
8;37;31;39;27;21;50;24;28;7;35.8;3.17;20;0;1;0;0;5;4;3;3;3;0
16;53;29;32;28;5;27;30;31;-13;27.68;2.605;27;1;1;0;0;3;2;2;3;2;0
16;53;29;32;28;5;29;30;31;-3;25.8;2.603;15;0;1;0;0;3;2;3;3;2;0
16;52;30;32;2;33;55;30;32;-23;34.02;3.168;8;0;1;0;0;6;4;2;3;3;0
16;52;30;32;2;24;47;31;30;-6;34.72;3.9;21;0;1;0;0;5;4;3;3;4;0
7;35;43;40;26;11;33;30;31;-2;23.24;2.563;25;0;1;0;0;4;2;3;2;1;0
7;35;43;40;26;10;32;33;84;-1;23.45;2.549;10;0;1;0;0;4;2;3;2;1;0
3;30;23;39;2;19;45;36;17;-5;24.49;2.767;8;0;1;0;0;5;3;3;2;2;1
3;30;23;39;2;16;42;28;34;-10;29.03;2.851;6;0;1;0;0;5;3;3;3;2;1
3;30;23;39;2;23;42;33;37;3;23.2;2.671;26;1;1;0;0;5;3;3;2;2;1
3;30;23;39;3;11;33;30;31;-2;23.24;2.563;26;1;1;0;0;4;2;3;2;1;1
3;30;23;39;3;2;22;28;44;-4;19.44;2.292;9;0;1;0;0;2;1;3;2;1;1
15;54;32;30;9;22;48;43;49;-10;32.1;3.034;6;0;1;0;0;5;4;3;3;2;0
15;54;32;30;9;15;39;33;29;-2;26.2;2.728;10;0;1;0;0;4;3;3;3;2;0
4;40;28;50;42;17;42;33;26;-32;26.8;2.788;42;1;1;0;0;5;3;1;3;2;0
4;40;28;50;42;8;56;30;60;-31;25.76;2.957;9;0;1;0;0;4;5;1;3;2;0
3;31;32;30;3;2;22;28;44;-4;19.44;2.292;9;0;1;0;0;2;1;3;2;1;0
3;31;32;30;3;11;33;30;31;-2;23.24;2.563;26;1;1;0;0;4;2;3;2;1;0
4;40;28;50;42;29;56;32;30;-32;37.18;3.277;8;0;1;0;0;5;5;1;3;3;0
8;43;33;32;9;16;42;28;34;-10;29.03;2.851;7;0;1;0;0;5;3;3;3;2;1
8;43;33;32;9;23;42;33;37;3;23.2;2.671;27;1;1;0;0;5;3;3;2;2;1
4;40;28;50;43;8;56;30;60;-31;25.76;2.957;10;0;1;0;0;4;5;1;3;2;0
34;55;30;28;6;23;56;30;32;-12;27.47;3.002;10;0;1;0;0;5;5;2;3;2;0
34;55;30;28;6;24;47;31;30;-6;34.72;3.9;24;0;1;0;0;5;4;3;3;4;0
16;52;30;32;5;34;55;28;30;-10;30.11;3.06;6;0;1;0;0;6;4;3;3;2;0
16;52;30;32;5;22;45;28;34;-30;37.18;3.109;8;0;1;0;0;5;3;1;3;3;0
4;34;35;43;37;19;45;36;17;-5;24.49;2.767;11;0;1;0;0;5;3;3;2;2;0
4;34;35;43;38;23;42;33;37;3;23.2;2.671;30;1;1;0;0;5;3;3;2;2;0
4;34;35;43;38;6;24;28;23;-7;20.45;2.338;3;0;1;0;0;4;1;3;2;1;0
9;38;42;47;1;13;42;33;30;3;31.14;2.905;1;0;1;0;0;4;3;3;3;2;0
9;38;42;47;1;19;45;36;17;-5;24.49;2.767;14;0;1;0;0;5;3;3;2;2;0
15;52;23;39;4;11;35;30;47;-3;30.67;2.798;9;0;1;0;0;4;2;3;3;2;1
15;52;23;39;4;10;32;33;84;-1;23.45;2.549;12;0;1;0;0;4;2;3;2;1;1
2;31;31;30;29;10;34;30;30;0;26.23;2.672;22;0;1;0;1;4;2;3;3;2;0
2;31;31;30;29;4;36;26;35;5;25.5;2.668;22;0;1;0;1;3;3;3;3;2;0
2;31;31;30;26;8;32;47;31;0;20.45;2.464;40;1;1;0;1;4;2;3;2;1;1
2;31;31;30;26;3;26;35;30;0;21.45;2.393;27;1;1;0;1;2;2;3;2;1;1
10;50;32;55;48;10;32;33;84;-1;23.45;2.549;12;0;1;0;0;4;2;3;2;1;0
10;50;32;55;48;11;35;30;47;-3;30.67;2.798;9;0;1;0;0;4;2;3;3;2;0
15;54;32;30;17;25;45;32;34;-9;24.21;2.758;11;0;1;0;0;5;3;3;2;2;0
15;54;32;30;17;3;37;36;19;-6;25.86;2.7;11;0;1;0;0;2;3;3;3;2;0
16;52;41;46;1;5;27;46;32;-22;29.06;2.641;23;0;2;0;0;3;2;2;3;2;0
16;52;41;46;1;6;33;30;77;-5;23.54;2.554;1;0;1;0;0;4;2;3;2;1;0
16;52;41;46;2;19;45;36;17;-5;24.49;2.767;17;0;1;0;0;5;3;3;2;2;0
16;52;41;46;2;33;55;33;44;-4;19.91;2.781;4;0;1;0;0;6;4;3;2;2;0
33;55;44;33;4;19;45;36;17;-5;24.49;2.767;17;0;1;0;0;5;3;3;2;2;0
33;55;44;33;5;19;45;36;17;-5;24.49;2.767;18;0;1;0;0;5;3;3;2;2;0
33;55;44;33;5;22;56;31;46;-18;27.76;3.011;1;0;1;0;0;5;5;2;3;2;0
34;55;30;28;14;33;55;30;32;-23;34.02;3.168;19;0;1;0;0;6;4;2;3;3;0
13;41;48;31;1;9;41;35;23;3;22.72;2.671;20;0;1;0;0;4;3;3;2;2;0
13;41;48;31;1;15;51;45;32;5;24.76;2.851;19;0;1;0;0;4;4;3;2;2;0
13;41;48;31;3;9;41;35;23;3;22.72;2.671;22;0;1;0;0;4;3;3;2;2;0
13;41;48;31;3;15;51;45;32;5;24.76;2.851;21;0;1;0;0;4;4;3;2;2;0
9;38;42;47;12;10;32;33;84;-1;23.45;2.549;27;1;2;0;0;4;2;3;2;1;0
9;38;42;47;12;6;33;30;77;-5;23.54;2.554;10;0;2;0;0;4;2;3;2;1;0
16;52;41;46;9;33;55;33;44;-4;19.91;2.781;11;0;2;0;0;6;4;3;2;2;0
16;52;41;46;9;22;56;31;46;-18;27.76;3.011;7;0;2;0;0;5;5;2;3;2;0
16;52;41;46;9;19;45;36;17;-5;24.49;2.767;24;0;2;0;0;5;3;3;2;2;0
16;52;41;46;8;33;55;33;44;-4;19.91;2.781;10;0;2;0;0;6;4;3;2;2;0
16;52;41;46;8;22;56;31;46;-18;27.76;3.011;6;0;2;0;0;5;5;2;3;2;0
16;52;41;46;8;19;45;36;17;-5;24.49;2.767;23;0;2;0;0;5;3;3;2;2;0
15;52;23;39;18;25;45;32;34;-9;24.21;2.758;19;0;2;0;0;5;3;3;2;2;0
15;52;23;39;18;22;48;43;49;-10;32.1;3.034;22;0;2;0;0;5;4;3;3;2;0
15;52;23;39;18;15;39;33;29;-2;26.2;2.728;26;1;2;0;0;4;3;3;3;2;0
15;52;23;39;18;8;44;43;34;-10;32.66;2.969;22;0;2;0;0;4;3;3;3;2;0
3;31;32;30;19;15;39;33;29;-2;26.2;2.728;27;1;2;0;0;4;3;3;3;2;0
3;31;32;30;19;25;45;32;34;-9;24.21;2.758;20;0;2;0;0;5;3;3;2;2;0
3;31;32;30;19;22;48;43;49;-10;32.1;3.034;23;0;2;0;0;5;4;3;3;2;0
3;31;32;30;19;21;44;30;17;-2;29.41;2.888;26;1;2;0;0;5;3;3;3;2;0
3;31;32;30;19;8;44;43;34;-10;32.66;2.969;23;0;2;0;0;4;3;3;3;2;0
3;31;32;30;19;3;26;28;37;2;22.92;2.456;16;0;2;0;0;2;2;3;2;1;0
14;47;47;59;11;17;39;30;47;-1;33.39;2.953;25;0;2;0;0;5;3;3;3;2;0
14;47;47;59;11;15;47;36;108;-9;25.11;2.804;24;0;2;0;0;4;4;3;3;2;0
14;47;47;59;11;13;40;30;75;11;29.67;2.841;10;0;2;0;0;4;3;4;3;2;0
14;47;47;59;11;23;45;30;78;-18;24.62;2.753;26;1;2;0;0;5;3;2;2;2;0
16;52;30;32;22;14;44;39;32;1;29.05;2.879;21;0;2;0;0;4;3;3;3;2;0
16;52;30;32;22;34;55;28;30;-10;30.11;3.06;23;0;2;0;0;6;4;3;3;2;0
16;52;30;32;22;33;55;30;32;-23;34.02;3.168;28;1;2;0;0;6;4;2;3;3;0
3;30;23;39;22;3;26;28;37;2;22.92;2.456;19;0;2;0;0;2;2;3;2;1;1
3;30;23;39;22;10;32;33;84;-1;23.45;2.549;30;1;2;0;0;4;2;3;2;1;1
3;30;23;39;23;3;26;28;37;2;22.92;2.456;20;0;2;0;0;2;2;3;2;1;0
3;30;23;39;23;10;32;33;84;-1;23.45;2.549;31;1;2;0;0;4;2;3;2;1;0
8;43;33;32;30;3;26;28;37;2;22.92;2.456;21;0;2;0;0;2;2;3;2;1;1
8;43;33;32;30;10;32;33;84;-1;23.45;2.549;32;1;2;0;0;4;2;3;2;1;1
14;47;47;59;15;17;39;30;47;-1;33.39;2.953;29;1;2;0;0;5;3;3;3;2;0
14;47;47;59;15;15;47;36;108;-9;25.11;2.804;28;1;2;0;0;4;4;3;3;2;0
14;47;47;59;15;13;40;30;75;11;29.67;2.841;14;0;2;0;0;4;3;4;3;2;0
34;55;30;28;27;23;45;28;32;-24;37.74;3.154;1;0;2;0;0;5;3;2;3;3;0
34;55;30;28;27;10;33;36;56;-1;26.1;2.608;31;1;2;0;0;4;2;3;3;2;0
16;52;30;32;5;5;25;32;30;-5;22.92;2.442;30;1;2;0;0;3;1;3;2;1;0
16;52;30;32;5;23;45;28;32;-24;37.74;3.154;1;0;2;0;0;5;3;2;3;3;0
16;52;30;32;5;10;33;36;56;-1;26.1;2.608;31;1;2;0;0;4;2;3;3;2;0
13;41;48;31;13;9;42;35;23;3;22.72;2.671;32;1;2;0;0;4;3;3;2;2;0
13;41;48;31;13;15;51;45;32;5;24.76;2.851;31;1;2;0;0;4;4;3;2;2;0
34;55;30;28;27;5;25;32;30;-5;22.92;2.442;30;1;2;0;0;3;1;3;2;1;0
3;31;32;30;21;3;26;28;37;2;22.92;2.456;21;0;2;0;0;2;2;3;2;1;0
9;38;42;47;16;3;26;28;37;2;22.92;2.456;20;0;2;0;0;2;2;3;2;1;0
9;38;42;47;16;11;35;30;47;-3;30.67;2.798;28;1;2;0;0;4;2;3;3;2;0
30;56;63;28;8;5;27;46;32;-22;29.06;2.641;23;0;2;0;0;3;2;2;3;2;0
30;56;63;28;8;13;40;30;75;11;29.67;2.841;23;0;2;0;0;4;3;4;3;2;0
30;56;63;28;8;5;27;46;32;-22;29.06;2.641;23;0;2;0;0;3;2;2;3;2;0
30;56;63;28;8;13;40;30;75;11;29.67;2.841;23;0;2;0;0;4;3;4;3;2;0
30;56;63;28;8;12;52;30;30;9;37.04;3.225;5;0;2;0;0;4;4;3;3;3;0
15;52;23;39;35;15;44;30;30;-1;24.44;2.753;10;0;2;0;0;4;3;3;2;2;0
15;52;23;39;35;6;30;30;19;-2;23.7;2.521;5;0;2;0;0;4;2;3;2;1;0
8;53;23;35;11;27;50;30;40;13;26.42;2.891;4;0;2;0;0;5;4;4;3;2;0
8;53;23;35;11;13;47;30;28;1;27.7;2.885;4;0;2;0;0;4;4;3;3;2;0
8;53;23;35;11;3;28;46;30;-3;31.79;2.745;12;0;2;0;0;2;2;3;3;2;0
33;55;44;33;28;22;56;31;46;-18;27.76;3.011;24;0;2;0;0;5;5;2;3;2;0
33;55;44;33;28;6;33;30;77;-5;23.54;2.554;26;1;2;0;0;4;2;3;2;1;0
33;55;44;33;31;10;28;33;43;6;28.01;2.628;15;0;2;0;0;4;2;3;3;2;0
7;35;43;34;43;23;46;30;48;-18;30.93;2.961;15;0;2;0;1;5;4;2;3;2;1
7;35;43;34;43;27;50;30;40;13;26.42;2.891;9;0;2;0;1;5;4;4;3;2;1
7;35;43;34;43;13;47;30;28;1;27.7;2.885;9;0;2;0;1;4;4;3;3;2;1
7;35;43;34;43;3;28;46;30;-3;31.79;2.745;17;0;2;0;1;2;2;3;3;2;1
7;35;43;34;43;21;50;33;38;7;35.8;3.17;2;0;2;0;1;5;4;3;3;3;1
16;53;30;30;13;24;53;28;32;-17;27.77;2.969;18;0;2;0;0;5;4;2;3;2;0
16;53;30;30;13;24;47;29;31;-6;34.72;3.9;1;0;2;0;0;5;4;3;3;4;0
20;39;29;31;4;24;45;28;41;4;27.78;2.857;2;0;2;0;0;5;3;3;3;2;0
20;39;29;31;4;21;50;33;38;7;35.8;3.17;4;0;2;0;0;5;4;3;3;3;0
20;39;29;31;4;23;46;30;48;-18;30.93;2.961;17;0;2;0;0;5;4;2;3;2;0
20;39;29;31;4;8;31;28;137;2;26.32;2.616;2;0;2;0;0;4;2;3;3;2;0
8;37;32;28;4;10;34;29;47;0;26.47;2.681;2;0;2;0;0;4;2;3;3;2;0
8;37;32;28;4;23;46;30;48;-18;30.93;2.961;19;0;2;0;0;5;4;2;3;2;0
16;53;30;30;15;31;55;28;32;-8;29.83;3.06;14;0;2;0;0;6;4;3;3;2;0
16;53;30;30;15;7;31;28;32;1;24.45;2.562;6;0;2;0;0;4;2;3;2;1;0
8;37;32;28;5;4;36;24;36;5;25.5;2.668;14;0;2;0;0;3;3;3;3;2;0
8;37;32;28;5;23;46;30;48;-18;30.93;2.961;20;0;2;0;0;5;4;2;3;2;0
4;40;27;33;6;17;42;29;33;-32;26.8;2.788;17;0;2;0;0;5;3;1;3;2;0
4;40;27;33;6;7;38;28;63;-31;24.2;2.669;13;0;2;0;0;4;3;1;2;2;0
4;40;27;33;2;17;42;29;33;-32;26.8;2.788;13;0;2;0;1;5;3;1;3;2;0
4;40;27;33;2;7;38;28;63;-31;24.2;2.669;9;0;2;0;1;4;3;1;2;2;0
15;50;32;30;17;9;41;35;23;3;22.72;2.671;25;0;2;0;0;4;3;3;2;2;0
4;40;27;33;9;28;55;28;36;-9;26.49;2.961;16;0;3;0;0;5;4;3;3;2;0
4;40;27;33;9;7;38;28;63;-31;24.2;2.669;16;0;3;0;0;4;3;1;2;2;0
4;40;27;33;8;7;38;28;63;-31;24.2;2.669;15;0;3;0;0;4;3;1;2;2;0
4;40;27;33;8;17;54;35;40;-3;32.24;3.109;10;0;3;0;0;5;4;3;3;3;0
9;38;42;47;41;8;31;28;137;2;26.32;2.616;8;0;3;0;0;4;2;3;3;2;0
9;38;42;47;41;10;34;29;47;0;26.47;2.681;6;0;3;0;0;4;2;3;3;2;0
16;52;41;46;42;23;42;31;29;3;23.2;2.671;13;0;3;0;0;5;3;3;2;2;0
16;52;41;46;42;30;48;29;46;-10;26.3;2.854;9;0;3;0;0;5;4;3;3;2;0
16;52;41;46;42;10;28;33;43;6;28.01;2.628;28;1;3;0;0;4;2;3;3;2;0
9;38;42;47;44;4;30;27;31;-3;22.88;2.508;24;0;3;0;0;3;2;3;2;1;0
9;38;42;47;44;10;34;29;47;0;26.47;2.681;9;0;3;0;0;4;2;3;3;2;0
8;53;23;35;28;10;34;29;47;0;26.47;2.681;10;0;3;0;0;4;2;3;3;2;0
8;53;23;35;28;13;47;30;28;1;27.7;2.885;21;0;3;0;0;4;4;3;3;2;0
8;53;23;35;28;6;38;28;26;9;30.78;2.826;27;1;3;0;0;4;3;3;3;2;0
14;47;47;59;44;3;32;29;31;-3;32.4;2.828;11;0;3;0;0;2;2;3;3;2;0
14;47;47;59;44;24;54;28;63;3;23.45;2.848;12;0;3;0;0;5;4;3;2;2;0
14;47;47;59;44;5;27;46;32;-22;29.06;2.641;43;1;3;0;0;3;2;2;3;2;0
16;53;30;30;27;33;55;30;30;-23;34.02;3.168;4;0;3;0;0;6;4;2;3;3;0
16;53;30;30;27;17;39;34;57;-37;28.68;2.8;32;1;3;0;0;5;3;1;3;2;0
14;47;47;59;50;17;40;34;32;-1;33.39;2.953;2;0;3;0;0;5;3;3;3;2;0
14;47;47;59;50;23;45;30;30;-18;24.62;2.753;5;0;3;0;0;5;3;2;2;2;0
20;39;29;31;21;10;32;33;27;-1;23.45;2.549;7;0;3;0;0;4;2;3;2;1;0
20;39;29;31;21;8;33;36;59;0;20.45;2.464;5;0;3;0;0;4;2;3;2;1;0
20;39;29;31;21;8;33;36;59;0;20.45;2.464;5;0;3;0;0;4;2;3;2;1;0
16;52;28;32;1;23;56;30;30;-12;27.47;3.002;6;0;3;0;0;5;5;2;3;2;0
16;52;28;32;8;34;55;33;33;-10;30.11;3.06;8;0;3;0;0;6;4;3;3;2;0
16;52;28;32;8;30;51;40;58;-9;25.66;2.878;8;0;3;0;0;5;4;3;3;2;0
3;30;30;30;2;13;35;45;30;-12;21.36;2.555;3;0;3;0;0;4;2;2;2;1;0
3;30;30;30;2;29;47;35;73;-10;25.71;2.84;4;0;3;0;0;5;4;3;3;2;0
3;30;30;30;1;3;27;33;56;0;21.45;2.393;18;0;3;0;0;2;2;3;2;1;1
3;30;30;30;1;8;33;36;59;0;20.45;2.464;16;0;3;0;0;4;2;3;2;1;1
3;31;30;39;10;10;34;29;47;0;26.47;2.681;28;1;3;0;0;4;2;3;3;2;0
3;31;30;39;10;8;33;36;59;0;20.45;2.464;16;0;3;0;0;4;2;3;2;1;0
8;43;31;32;13;3;37;32;34;-6;25.86;2.7;11;0;3;0;0;2;3;3;3;2;1
8;43;31;32;13;15;39;32;30;-2;26.2;2.728;15;0;3;0;0;4;3;3;3;2;1
8;43;31;32;13;22;48;24;21;-10;32.1;3.034;10;0;3;0;0;5;4;3;3;2;1
8;43;31;32;13;8;33;36;59;0;20.45;2.464;16;0;3;0;0;4;2;3;2;1;1
13;41;29;31;3;9;42;24;40;3;22.72;2.671;7;0;3;0;0;4;3;3;2;2;0
13;41;29;31;3;15;50;28;26;0;25.5;2.864;18;0;3;0;0;4;4;3;3;2;0
15;54;45;45;5;24;46;30;46;7;30.86;2.961;19;0;3;0;0;5;4;3;3;2;0
15;54;45;45;5;25;45;33;36;-9;24.21;2.758;6;0;3;0;0;5;3;3;2;2;0
15;54;45;45;5;3;37;32;34;-6;25.86;2.7;14;0;3;0;0;2;3;3;3;2;0
13;41;29;31;2;9;42;24;40;3;22.72;2.671;6;0;3;0;0;4;3;3;2;2;0
15;50;32;30;17;9;42;24;40;3;22.72;2.671;6;0;3;0;0;4;3;3;2;2;0
13;41;29;31;1;29;57;32;30;-32;37.18;3.277;13;0;3;0;0;5;5;1;3;3;0
15;50;32;30;16;29;57;32;30;-32;37.18;3.277;13;0;3;0;0;5;5;1;3;3;0
34;55;30;28;15;13;42;28;26;-10;25.99;2.761;18;0;3;0;0;4;3;3;3;2;0
34;55;30;28;15;30;51;40;58;-9;25.66;2.878;15;0;3;0;0;5;4;3;3;2;0
4;34;44;32;20;13;35;45;30;-12;21.36;2.555;7;0;3;0;0;4;2;2;2;1;0
15;52;30;45;6;3;27;33;56;0;21.45;2.393;23;0;3;0;0;2;2;3;2;1;1
15;52;30;45;6;22;56;31;29;-18;27.76;3.011;4;0;3;0;0;5;5;2;3;2;1
23;46;30;30;22;3;37;32;34;-6;25.86;2.7;5;0;3;0;0;2;3;3;3;2;0
23;46;30;30;22;15;39;32;30;-2;26.2;2.728;9;0;3;0;0;4;3;3;3;2;0
23;46;48;30;27;3;28;46;30;-3;31.79;2.745;29;1;3;0;0;2;2;3;3;2;0
23;46;48;30;27;6;38;28;26;9;30.78;2.826;27;1;3;0;0;4;3;3;3;2;0
23;46;48;30;27;13;47;30;28;1;27.7;2.885;21;0;3;0;0;4;4;3;3;2;0
23;46;48;30;21;27;50;30;40;13;26.42;2.891;15;0;3;0;0;5;4;4;3;2;0
23;46;48;30;21;15;44;30;30;-1;24.44;2.753;21;0;3;0;0;4;3;3;2;2;0
30;56;63;28;25;24;54;28;63;3;23.45;2.848;9;0;3;0;0;5;4;3;2;2;0
30;56;63;28;25;5;27;46;32;-22;29.06;2.641;40;1;3;0;0;3;2;2;3;2;0
34;55;30;28;15;33;55;30;30;-23;34.02;3.168;22;0;3;0;0;6;4;2;3;3;0
16;52;28;32;18;22;46;45;45;-30;37.18;3.109;8;0;4;0;0;5;4;1;3;3;0
8;43;31;32;13;9;42;24;40;3;22.72;2.671;13;0;4;0;0;4;3;3;2;2;0
3;31;30;39;22;11;33;38;42;3;35.06;2.914;35;1;4;0;0;4;2;3;3;2;0
3;31;30;39;22;3;26;30;42;2;22.92;2.456;9;0;4;0;0;2;2;3;2;1;0
3;30;30;30;1;10;32;33;27;-1;23.45;2.549;28;1;4;0;0;4;2;3;2;1;1
3;30;30;30;1;6;28;34;63;6;27.7;2.619;24;0;4;0;0;4;2;3;3;2;1
3;30;30;30;1;6;28;34;63;6;27.7;2.619;26;1;4;0;0;4;2;3;3;2;1
3;30;30;30;1;3;26;30;42;2;22.92;2.456;9;0;4;0;0;2;2;3;2;1;1
15;54;45;45;12;3;37;32;34;-6;25.86;2.7;21;0;4;0;0;2;3;3;3;2;0
15;54;45;45;12;22;48;24;21;-10;32.1;3.034;20;0;4;0;0;5;4;3;3;2;0
1;38;30;30;15;17;40;34;32;-1;33.39;2.953;28;1;4;0;0;5;3;3;3;2;0
13;41;29;31;10;29;57;32;30;-32;37.18;3.277;22;0;4;0;0;5;5;1;3;3;0
15;50;32;30;25;29;57;32;30;-32;37.18;3.277;22;0;4;0;0;5;5;1;3;3;0
13;41;29;31;11;9;42;24;40;3;22.72;2.671;15;0;4;0;0;4;3;3;2;2;0
15;50;32;30;26;9;42;24;40;3;22.72;2.671;15;0;4;0;0;4;3;3;2;2;0
4;34;44;32;29;11;49;36;46;-19;21.22;2.706;30;1;4;0;0;4;4;2;2;2;0
4;34;44;32;30;16;42;34;32;-10;29.03;2.851;29;1;4;0;0;5;3;3;3;2;0
16;52;28;32;18;24;53;31;32;-17;27.77;2.969;2;0;4;0;0;5;4;2;3;2;0
16;52;28;32;18;5;29;32;30;-3;25.8;2.603;12;0;4;0;0;3;2;3;3;2;0
1;38;30;30;15;13;40;30;30;11;29.67;2.841;22;0;4;0;0;4;3;4;3;2;0
34;55;33;33;30;23;45;44;32;-24;37.74;3.154;5;0;4;0;0;5;3;2;3;3;0
34;55;33;33;32;24;53;31;32;-17;27.77;2.969;6;0;4;0;0;5;4;2;3;2;0
30;56;32;29;5;15;47;38;52;-9;25.11;2.804;6;0;4;0;0;4;4;3;3;2;0
30;56;32;29;5;13;40;30;30;11;29.67;2.841;20;0;4;0;0;4;3;4;3;2;0
16;52;30;31;1;29;47;35;73;-10;25.71;2.84;19;0;4;0;0;5;4;3;3;2;0
16;52;30;31;1;11;49;36;46;-19;21.22;2.706;32;1;4;0;0;4;4;2;2;2;0
16;52;30;31;9;33;56;40;50;-4;19.91;2.781;4;0;4;0;0;6;5;3;2;2;0
16;52;30;31;9;13;35;45;30;-12;21.36;2.555;26;1;4;0;0;4;2;2;2;1;0
33;55;50;40;4;13;35;45;30;-12;21.36;2.555;26;1;4;0;0;4;2;2;2;1;0
30;56;32;29;10;15;47;38;52;-9;25.11;2.804;11;0;4;0;0;4;4;3;3;2;0
30;56;32;29;10;13;40;30;30;11;29.67;2.841;25;0;4;0;0;4;3;4;3;2;0
8;53;28;35;4;2;22;30;61;-4;19.44;2.292;6;0;4;0;0;2;1;3;2;1;0
8;53;28;35;4;11;33;30;31;-2;23.24;2.563;23;0;4;0;0;4;2;3;2;1;0
23;46;36;29;7;1;22;34;31;1;21.98;2.364;11;0;4;0;0;1;1;3;2;1;0
16;53;31;30;9;24;53;31;32;-17;27.77;2.969;14;0;4;0;0;5;4;2;3;2;0
16;53;31;30;9;22;46;45;45;-30;37.18;3.109;30;1;4;0;0;5;4;1;3;3;0
14;47;32;29;1;30;56;29;32;-29;27.74;3.011;16;0;4;0;0;5;5;2;3;2;0
14;47;32;29;1;15;47;38;52;-9;25.11;2.804;17;0;4;0;0;4;4;3;3;2;0
23;46;36;29;11;13;47;30;31;1;27.7;2.885;10;0;4;0;0;4;4;3;3;2;0
23;46;36;29;11;8;44;28;53;-10;32.66;2.969;10;0;4;0;0;4;3;3;3;2;0
15;54;45;45;12;13;47;30;31;1;27.7;2.885;10;0;4;0;0;4;4;3;3;2;0
15;54;45;45;12;8;44;28;53;-10;32.66;2.969;10;0;4;0;0;4;3;3;3;2;0
9;38;44;48;5;2;22;30;61;-4;19.44;2.292;18;0;4;0;0;2;1;3;2;1;0
9;38;44;48;5;9;32;28;33;-2;23.18;2.549;16;0;4;0;0;4;2;3;2;1;0
14;47;32;29;6;30;56;29;32;-29;27.74;3.011;21;0;4;0;0;5;5;2;3;2;0
14;47;32;29;6;24;54;29;32;3;23.45;2.848;5;0;4;0;0;5;4;3;2;2;0
14;47;32;29;6;3;32;29;31;-3;32.4;2.828;4;0;4;0;0;2;2;3;3;2;0
16;53;31;30;15;18;40;34;27;-28;29.74;2.841;22;0;4;0;0;5;3;2;3;4;0
33;55;50;40;16;29;50;30;27;-3;26.23;2.882;19;0;4;0;0;5;4;3;3;4;0
16;52;30;31;23;33;56;40;50;-4;19.91;2.781;18;0;5;0;1;6;5;3;2;2;0
16;52;30;31;23;13;35;45;30;-12;21.36;2.555;40;1;5;0;1;4;2;2;2;1;0
16;52;30;31;23;29;50;30;27;-3;26.23;2.882;21;0;5;0;1;5;4;3;3;4;0
15;54;45;45;41;13;47;30;31;1;27.7;2.885;17;0;5;0;0;4;4;3;3;2;0
15;54;45;45;41;6;30;31;30;-2;23.7;2.521;19;0;5;0;0;4;2;3;2;1;0
15;54;45;45;41;21;50;34;27;7;35.8;3.17;11;0;5;0;0;5;4;3;3;3;0
1;40;25;36;2;23;46;29;36;-18;30.93;2.961;19;0;5;0;0;5;4;2;3;2;0
16;52;30;31;27;33;56;40;50;-4;19.91;2.781;22;0;5;0;0;6;5;3;2;2;0
16;52;30;31;27;19;45;31;55;-5;24.49;2.767;27;1;5;0;0;5;3;3;2;2;0
30;56;32;29;25;7;35;45;30;4;27.17;2.699;41;1;5;0;0;4;2;3;3;2;0
9;38;44;48;14;13;43;32;43;3;31.14;2.905;29;1;5;0;0;4;3;3;3;2;0
9;38;44;48;14;27;50;31;28;13;26.42;2.891;23;0;5;0;0;5;4;4;3;2;0
9;38;44;48;14;15;45;29;45;-1;24.44;2.753;12;0;5;0;0;4;3;3;2;2;0
15;54;45;45;44;23;46;29;36;-18;30.93;2.961;21;0;5;0;0;5;4;2;3;2;0
15;54;45;45;44;8;45;28;53;-10;32.66;2.969;20;0;5;0;0;4;3;3;3;2;0
14;47;32;29;14;24;54;29;32;3;23.45;2.848;13;0;5;0;0;5;4;3;2;2;0
14;47;32;29;14;3;32;29;31;-3;32.4;2.828;12;0;5;0;0;2;2;3;3;2;0
14;47;32;29;14;15;47;38;52;-9;25.11;2.804;30;1;5;0;0;4;4;3;3;2;0
14;47;32;29;17;24;54;29;32;3;23.45;2.848;16;0;5;0;1;5;4;3;2;2;0
14;47;32;29;17;3;32;29;31;-3;32.4;2.828;15;0;5;0;1;2;2;3;3;2;0
14;47;32;29;17;15;47;38;52;-9;25.11;2.804;33;1;5;0;1;4;4;3;3;2;0
23;46;36;29;22;27;50;31;28;13;26.42;2.891;24;0;5;0;0;5;4;4;3;2;0
23;46;36;29;22;15;45;29;45;-1;24.44;2.753;13;0;5;0;0;4;3;3;2;2;0
9;38;44;48;16;9;32;28;33;-2;23.18;2.549;27;1;5;0;1;4;2;3;2;1;0
9;38;44;48;16;23;46;29;36;-18;30.93;2.961;23;0;5;0;1;5;4;2;3;2;0
9;38;44;48;16;21;50;34;27;7;35.8;3.17;16;0;5;0;1;5;4;3;3;3;0
15;52;30;45;43;27;50;31;28;13;26.42;2.891;23;0;5;0;0;5;4;4;3;2;0
15;52;30;45;43;15;45;29;45;-1;24.44;2.753;12;0;5;0;0;4;3;3;2;2;0
16;53;31;30;26;33;55;45;31;-23;34.02;3.168;2;0;5;0;1;6;4;2;3;3;0
1;40;25;36;8;23;46;29;36;-18;30.93;2.961;25;0;5;0;1;5;4;2;3;2;0
16;53;31;30;27;33;55;45;31;-23;34.02;3.168;3;0;5;0;0;6;4;2;3;3;0
16;53;31;30;27;5;28;36;31;-13;27.68;2.605;2;0;5;0;0;3;2;2;3;2;0
23;46;36;29;27;21;50;34;27;7;35.8;3.17;20;0;5;0;0;5;4;3;3;3;0
8;53;28;35;33;17;53;32;56;-2;26.3;2.924;22;0;5;0;0;5;4;3;3;2;0
8;53;28;35;33;24;46;34;33;7;30.86;2.961;3;0;5;0;0;5;4;3;3;2;0
8;53;28;35;33;13;47;30;31;1;27.7;2.885;28;1;5;0;0;4;4;3;3;2;0
33;55;50;40;16;30;48;30;31;-10;26.3;2.854;19;0;5;0;0;5;4;3;3;2;0
33;55;50;40;16;17;38;29;45;-7;22.86;2.624;21;0;5;0;0;5;3;3;2;2;0
16;52;29;41;2;23;56;24;37;-12;27.47;3.002;1;0;5;0;0;5;5;2;3;2;0
16;52;29;41;2;34;55;28;28;-10;30.11;3.06;2;0;5;0;0;6;4;3;3;2;0
33;55;50;40;36;17;38;29;45;-7;22.86;2.624;26;1;5;0;0;5;3;3;2;2;0
1;40;25;36;8;15;39;24;41;-2;26.2;2.728;2;0;5;0;0;4;3;3;3;2;0
8;43;31;32;13;24;46;34;33;7;30.86;2.961;13;0;5;0;0;5;4;3;3;2;0
8;43;31;32;13;24;55;30;35;4;29.4;3.042;10;0;5;0;0;5;4;3;3;2;0
8;43;31;32;13;21;42;35;26;-8;29.41;2.86;2;0;5;0;0;5;3;3;3;2;0
8;43;31;32;13;15;39;24;41;-2;26.2;2.728;2;0;5;0;0;4;3;3;3;2;0
3;31;31;30;3;8;33;39;31;0;20.45;2.464;12;0;5;0;0;4;2;3;2;1;0
8;37;47;30;17;12;37;30;71;6;27.78;2.745;2;0;5;0;0;4;3;3;3;2;0
8;37;47;30;17;3;27;36;31;0;21.45;2.393;16;0;5;0;0;2;2;3;2;1;0
8;37;47;30;17;8;33;39;31;0;20.45;2.464;11;0;5;0;0;4;2;3;2;1;0
1;38;31;30;4;24;45;36;31;-4;26.73;2.83;19;0;5;0;0;5;3;3;3;2;0
1;38;31;30;4;23;45;30;30;-18;24.62;2.753;20;0;5;0;0;5;3;2;2;2;0
34;55;28;28;15;33;55;45;31;-23;34.02;3.168;21;0;5;0;0;6;4;2;3;3;0
34;55;28;28;16;5;26;32;29;-5;22.92;2.442;20;0;5;0;0;3;2;3;2;1;0
20;39;63;29;4;3;27;36;31;0;21.45;2.393;20;0;5;0;0;2;2;3;2;1;0
20;39;63;29;4;8;33;39;31;0;20.45;2.464;15;0;5;0;0;4;2;3;2;1;0
4;40;27;54;33;29;57;28;33;-32;37.18;3.277;11;0;5;0;0;5;5;1;3;3;0
4;40;27;54;33;15;52;45;61;5;24.76;2.851;38;1;5;0;0;4;4;3;2;2;0
9;38;44;48;40;12;37;30;71;6;27.78;2.745;8;0;6;0;0;4;3;3;3;2;0
9;38;44;48;40;20;38;29;63;-4;34.63;2.984;6;0;6;0;0;5;3;3;3;2;0
16;52;29;41;24;21;41;45;41;-23;38.53;3.17;44;1;6;0;0;5;3;2;3;3;0
1;38;31;30;11;24;45;36;31;-4;26.73;2.83;25;0;6;0;0;5;3;3;3;2;0
1;38;31;30;12;23;45;30;30;-18;24.62;2.753;27;1;6;0;0;5;3;2;2;2;0
8;43;31;35;23;8;56;45;31;-31;25.76;2.957;13;0;6;0;0;4;5;1;3;2;0
4;40;27;54;33;13;52;45;47;-4;23.32;2.838;24;0;6;0;0;4;4;3;3;4;0
4;40;27;54;33;8;56;45;31;-31;25.76;2.957;10;0;6;0;0;4;5;1;3;2;0
4;40;27;54;33;29;57;28;33;-32;37.18;3.277;24;0;6;0;0;5;5;1;3;3;0
15;54;45;45;44;24;46;34;33;7;30.86;2.961;30;1;6;0;0;5;4;3;3;2;0
15;54;45;45;44;3;38;32;29;-6;25.86;2.7;27;1;6;0;0;2;3;3;3;2;0
15;54;45;45;44;21;45;44;47;-2;29.41;2.888;2;0;6;0;0;5;3;3;3;2;0
34;55;28;28;27;30;51;39;42;-9;25.66;2.878;6;0;6;0;0;5;4;3;3;2;0
3;30;47;29;1;3;27;36;31;0;21.45;2.393;31;1;6;0;0;2;2;3;2;1;0
3;30;47;29;1;9;32;32;29;-2;23.18;2.549;3;0;6;0;0;4;2;3;2;1;0
16;52;29;41;27;30;51;39;42;-9;25.66;2.878;6;0;6;0;0;5;4;3;3;2;0
3;30;47;29;4;4;30;32;29;-3;22.88;2.508;6;0;6;0;1;3;2;3;2;1;1
3;30;47;29;4;3;27;36;31;0;21.45;2.393;34;1;6;0;1;2;2;3;2;1;1
3;31;31;30;25;9;32;32;29;-2;23.18;2.549;11;0;6;0;0;4;2;3;2;1;0
3;31;31;30;25;4;30;32;29;-3;22.88;2.508;13;0;6;0;0;3;2;3;2;1;0
20;39;63;29;28;9;32;32;29;-2;23.18;2.549;16;0;6;0;0;4;2;3;2;1;0
20;39;63;29;28;10;35;34;27;0;26.47;2.681;1;0;6;0;0;4;2;3;3;2;0
20;39;29;31;22;9;32;32;29;-2;23.18;2.549;10;0;6;0;0;4;2;3;2;1;0
14;47;32;29;3;30;56;44;32;-29;27.74;3.011;18;0;6;0;0;5;5;2;3;2;1
14;47;32;29;3;13;40;29;53;11;29.67;2.841;11;0;6;0;0;4;3;4;3;2;1
14;47;32;29;2;30;56;44;32;-29;27.74;3.011;17;0;6;0;0;5;5;2;3;2;1
14;47;32;29;2;13;40;29;53;11;29.67;2.841;10;0;6;0;0;4;3;4;3;2;1
14;47;32;29;2;24;54;29;32;3;23.45;2.848;1;0;6;0;0;5;4;3;2;2;1
16;53;38;48;7;24;53;29;36;-17;27.77;2.969;14;0;6;0;0;5;4;2;3;2;0
16;53;38;48;7;7;32;45;62;1;24.45;2.562;37;1;6;0;0;4;2;3;2;1;0
30;56;32;44;7;17;40;47;40;-1;33.39;2.953;22;0;6;0;0;5;3;3;3;2;0
30;56;32;44;7;5;27;45;60;-22;29.06;2.641;37;1;6;0;0;3;2;2;3;2;0
30;56;32;44;19;13;40;29;53;11;29.67;2.841;12;0;6;0;0;4;3;4;3;2;0
30;56;32;44;19;24;54;29;32;3;23.45;2.848;3;0;6;0;0;5;4;3;2;2;0
15;54;32;29;20;22;48;20;77;-10;32.1;3.034;4;0;6;0;0;5;4;3;3;2;0
15;54;32;29;20;8;31;47;31;-11;26.83;2.634;35;1;6;0;0;4;2;2;3;2;0
8;53;30;40;13;10;35;34;27;0;26.47;2.681;6;0;6;0;0;4;2;3;3;2;0
16;53;38;48;10;17;43;30;31;-32;26.8;2.788;21;0;7;0;0;5;3;1;3;2;0
15;50;68;29;17;17;43;30;31;-32;26.8;2.788;21;0;7;0;0;5;3;1;3;2;0
13;41;49;42;4;17;54;33;14;-3;32.24;3.109;10;0;6;0;0;5;4;3;3;3;0
15;50;68;29;3;17;54;33;14;-3;32.24;3.109;10;0;6;0;0;5;4;3;3;3;0
13;41;49;42;11;5;30;20;45;-28;28.41;2.665;1;0;6;0;0;3;2;2;3;2;0
15;50;68;29;10;5;30;20;45;-28;28.41;2.665;1;0;6;0;0;3;2;2;3;2;0
15;50;68;29;16;11;36;31;46;-13;25.28;2.659;23;0;7;0;0;4;3;2;3;2;0
16;52;30;29;18;17;38;29;17;-7;22.86;2.624;18;0;6;0;0;5;3;3;2;2;0
16;52;30;29;18;6;33;31;32;-5;23.54;2.554;18;0;6;0;0;4;2;3;2;1;0
13;41;49;42;16;15;50;29;68;0;25.5;2.864;15;0;6;0;0;4;4;3;3;2;0
13;41;49;42;16;8;56;45;31;-31;25.76;2.957;37;1;6;0;0;4;5;1;3;2;0
15;54;32;29;24;22;48;20;77;-10;32.1;3.034;8;0;7;0;0;5;4;3;3;2;0
3;30;47;29;24;8;33;29;62;-8;26.12;2.644;9;0;7;0;0;4;2;3;3;2;1
3;30;47;29;24;2;23;26;30;-4;19.44;2.292;25;0;7;0;0;2;1;3;2;1;1
16;52;30;29;24;23;43;32;90;3;23.2;2.671;11;0;7;0;0;5;3;3;2;2;0
15;54;32;29;25;8;31;47;31;-11;26.83;2.634;40;1;7;0;0;4;2;2;3;2;0
30;56;32;44;28;17;40;47;40;-1;33.39;2.953;43;1;7;0;0;5;3;3;3;2;0
30;56;32;44;28;24;55;29;32;3;23.45;2.848;12;0;7;0;0;5;4;3;2;2;0
13;41;49;42;26;17;43;30;31;-32;26.8;2.788;29;1;7;0;0;5;3;1;3;2;0
13;41;49;42;26;17;54;33;14;-3;32.24;3.109;32;1;7;0;0;5;4;3;3;3;0
9;38;28;33;3;25;45;38;44;-9;24.21;2.758;33;1;7;0;0;5;3;3;2;2;0
9;38;28;33;3;22;48;20;77;-10;32.1;3.034;16;0;7;0;0;5;4;3;3;2;0
8;53;30;40;25;6;39;29;32;-9;24.04;2.656;16;0;7;0;0;4;3;3;2;2;0
8;53;30;40;25;5;28;30;47;-1;36.13;2.88;2;0;7;0;0;3;2;3;3;2;0
16;53;38;48;18;17;39;28;27;-37;28.68;2.8;6;0;7;0;0;5;3;1;3;2;0
16;53;38;48;18;26;46;30;22;-7;29.05;2.907;2;0;7;0;0;5;4;3;3;2;0
16;53;38;48;18;5;28;39;31;-13;27.68;2.605;2;0;7;0;0;3;2;2;3;2;0
30;56;32;44;39;3;23;31;79;-7;22.04;2.414;4;0;7;0;0;2;1;3;2;1;0
30;56;32;44;39;15;47;43;60;-9;25.11;2.804;3;0;7;0;0;4;4;3;3;2;0
15;52;38;38;37;23;46;36;56;-18;30.93;2.961;13;0;7;0;0;5;4;2;3;2;0
15;52;38;38;37;21;50;30;31;7;35.8;3.17;26;1;7;0;0;5;4;3;3;3;0
15;52;38;38;37;6;39;29;32;-9;24.04;2.656;28;1;7;0;0;4;3;3;2;2;0
15;52;38;38;37;15;45;39;53;-1;24.44;2.753;7;0;7;0;0;4;3;3;2;2;0
8;37;31;30;13;10;35;34;27;0;26.47;2.681;30;1;7;0;0;4;2;3;3;2;0
8;37;31;30;13;2;23;34;49;4;26.23;2.504;11;0;7;0;0;2;1;3;3;1;0
8;37;31;30;12;10;35;34;27;0;26.47;2.681;29;1;7;0;0;4;2;3;3;2;0
8;37;31;30;12;6;28;34;63;6;27.7;2.619;10;0;7;0;0;4;2;3;3;2;0
8;37;31;30;11;2;23;34;49;4;26.23;2.504;9;0;7;0;0;2;1;3;3;1;0
8;37;31;30;11;11;49;28;33;-19;21.22;2.706;9;0;7;0;0;4;4;2;2;2;0
23;46;56;36;15;18;44;30;31;-9;26.58;2.807;8;0;7;0;0;5;3;3;3;2;0
23;46;56;36;9;3;38;36;25;-6;25.86;2.7;8;0;7;0;0;2;3;3;3;2;0
8;43;35;32;3;34;54;45;62;3;30.86;3.073;33;1;7;0;0;6;4;3;3;2;0
1;33;29;32;30;3;27;32;66;2;22.92;2.456;20;0;7;0;0;2;2;3;2;1;0
1;33;29;32;31;3;27;32;66;2;22.92;2.456;21;0;7;0;0;2;2;3;2;1;0
33;55;59;33;3;30;48;50;42;-10;26.3;2.854;18;0;7;0;0;5;4;3;3;2;0
9;38;28;33;19;9;42;32;29;3;22.72;2.671;16;0;7;0;0;4;3;3;2;2;1
9;38;28;33;19;7;38;48;71;-31;24.2;2.669;2;0;7;0;0;4;3;1;2;2;1
20;39;32;29;1;2;23;34;49;4;26.23;2.504;16;0;7;0;0;2;1;3;3;1;0
20;39;32;29;1;12;37;46;31;6;27.78;2.745;3;0;7;0;0;4;3;3;3;2;0
3;31;31;30;3;12;37;46;31;6;27.78;2.745;3;0;7;0;0;4;3;3;3;2;0
16;53;38;48;35;17;39;28;27;-37;28.68;2.8;16;0;7;0;0;5;3;1;3;2;0
16;53;38;48;35;5;26;30;29;-5;22.92;2.442;17;0;7;0;0;3;2;3;2;1;0
16;53;38;48;35;5;27;45;59;-5;28.08;2.614;18;0;7;0;0;3;2;3;3;2;0
4;34;44;28;35;33;56;33;59;-4;19.91;2.781;3;0;7;0;0;6;5;3;2;2;0
4;34;44;28;35;30;48;50;42;-10;26.3;2.854;18;0;7;0;0;5;4;3;3;2;0
4;34;44;28;35;23;43;32;90;3;23.2;2.671;24;0;7;0;0;5;3;3;2;2;0
4;34;44;28;35;17;38;29;32;-7;22.86;2.624;22;0;7;0;0;5;3;3;2;2;0
1;40;31;30;11;6;31;32;60;-2;23.7;2.521;5;0;7;0;0;4;2;3;2;1;0
1;38;31;30;5;24;45;46;40;-4;26.73;2.83;5;0;7;0;0;5;3;3;3;2;0
14;47;32;29;26;15;47;43;60;-9;25.11;2.804;5;0;7;0;0;4;4;3;3;2;0
1;38;31;30;6;24;45;46;40;-4;26.73;2.83;6;0;7;0;0;5;3;3;3;2;0
33;55;59;33;9;6;24;18;35;-7;20.45;2.338;6;0;7;0;0;4;1;3;2;1;0
4;40;41;31;1;13;52;46;31;-4;23.32;2.838;4;0;7;0;0;4;4;3;3;4;0
4;40;41;31;5;9;42;32;29;3;22.72;2.671;21;0;7;0;0;4;3;3;2;2;0
4;40;41;31;5;7;38;48;71;-31;24.2;2.669;7;0;7;0;0;4;3;1;2;2;0
1;40;31;30;24;34;54;45;62;3;30.86;3.073;39;1;8;0;0;6;4;3;3;2;0
8;43;35;32;10;23;46;36;56;-18;30.93;2.961;24;0;8;0;0;5;4;2;3;2;1
8;43;35;32;10;3;38;36;25;-6;25.86;2.7;23;0;8;0;0;2;3;3;3;2;1
8;43;35;32;10;15;45;39;53;-1;24.44;2.753;18;0;8;0;0;4;3;3;2;2;1
8;43;35;32;10;3;27;32;66;2;22.92;2.456;31;1;8;0;0;2;2;3;2;1;1
9;38;28;33;26;33;56;33;59;-4;19.91;2.781;11;0;8;0;0;6;5;3;2;2;1
9;38;28;33;26;24;45;28;41;4;27.78;2.857;22;0;8;0;0;5;3;3;3;2;1
16;53;38;48;41;24;48;41;49;-6;34.72;3.9;19;0;8;0;0;5;4;3;3;4;0
16;53;38;48;41;23;56;24;37;-12;27.47;3.002;24;0;8;0;0;5;5;2;3;2;0
16;53;38;48;42;31;55;36;62;-8;29.83;3.06;25;0;8;0;0;6;4;3;3;2;0
4;34;28;35;26;8;29;32;28;-10;24.69;2.543;24;0;8;0;0;4;2;3;2;1;0
4;34;28;35;25;33;56;33;59;-4;19.91;2.781;10;0;8;0;0;6;5;3;2;2;0
4;40;41;31;7;23;55;46;71;10;25.8;2.943;9;0;8;0;0;5;4;3;3;2;0
4;40;41;31;7;13;52;46;31;-4;23.32;2.838;10;0;8;0;0;4;4;3;3;4;0
1;40;31;30;24;12;51;45;47;1;32.72;3.085;24;0;8;0;0;4;4;3;3;2;0
23;46;56;36;23;3;29;45;30;-3;31.79;2.745;6;0;8;0;0;2;2;3;3;2;0
23;46;56;36;23;3;38;36;25;-6;25.86;2.7;22;0;8;0;0;2;3;3;3;2;0
23;46;56;36;23;24;55;32;26;4;29.4;3.042;23;0;8;0;0;5;4;3;3;2;0
23;46;56;36;23;18;44;30;31;-9;26.58;2.807;16;0;8;0;0;5;3;3;3;2;0
23;46;56;36;24;15;45;39;53;-1;24.44;2.753;18;0;8;0;0;4;3;3;2;2;0
23;46;56;36;24;3;38;36;25;-6;25.86;2.7;23;0;8;0;0;2;3;3;3;2;0
33;55;59;33;21;22;57;39;42;-18;27.76;3.011;5;0;8;0;0;5;5;2;3;2;0
33;55;59;33;21;30;48;50;42;-10;26.3;2.854;36;1;8;0;0;5;4;3;3;2;0
3;31;30;31;22;12;37;46;31;6;27.78;2.745;22;0;8;0;0;4;3;3;3;2;0
15;54;32;30;4;23;46;36;56;-18;30.93;2.961;34;1;8;0;0;5;4;2;3;2;0
15;54;32;30;4;3;38;36;25;-6;25.86;2.7;33;1;8;0;0;2;3;3;3;2;0
15;54;32;30;7;24;46;36;56;7;30.86;2.961;6;0;8;0;0;5;4;3;3;2;0
15;54;32;30;7;15;45;39;53;-1;24.44;2.753;31;1;8;0;0;4;3;3;2;2;0
33;55;59;33;29;10;29;35;41;6;28.01;2.628;29;1;8;0;0;4;2;3;3;2;0
16;52;44;39;4;21;41;34;33;-23;38.53;3.17;31;1;8;0;0;5;3;2;3;3;0
16;52;44;39;4;22;46;30;32;-30;37.18;3.109;2;0;8;0;0;5;4;1;3;3;0
16;52;44;39;6;31;55;36;62;-8;29.83;3.06;35;1;8;0;0;6;4;3;3;2;0
16;52;44;39;6;5;27;45;59;-5;28.08;2.614;35;1;8;0;0;3;2;3;3;2;0
16;52;44;39;12;24;53;30;32;-17;27.77;2.969;4;0;8;0;0;5;4;2;3;2;0
16;52;44;39;12;30;52;28;26;-9;25.66;2.878;11;0;8;0;0;5;4;3;3;2;0
16;52;44;39;12;5;27;45;59;-5;28.08;2.614;41;1;8;0;0;3;2;3;3;2;0
16;52;44;39;12;30;52;28;26;-9;25.66;2.878;13;0;8;0;0;5;4;3;3;2;0
16;52;32;30;11;10;29;35;41;6;28.01;2.628;29;1;8;0;0;4;2;3;3;2;0
16;52;32;30;11;33;56;33;59;-4;19.91;2.781;29;1;8;0;0;6;5;3;2;2;0
16;52;32;30;12;33;56;33;59;-4;19.91;2.781;30;1;8;0;0;6;5;3;2;2;0
15;50;32;26;8;15;52;46;46;5;24.76;2.851;31;1;8;0;0;4;4;3;2;2;0
15;50;32;26;6;13;52;46;31;-4;23.32;2.838;29;1;8;0;0;4;4;3;3;4;0
3;30;32;45;14;24;46;36;56;7;30.86;2.961;14;0;8;0;0;5;4;3;3;2;0
3;30;32;45;14;27;50;33;93;13;26.42;2.891;8;0;8;0;0;5;4;4;3;2;0
3;30;32;45;14;1;23;33;38;1;21.98;2.364;1;0;8;0;0;1;1;3;2;1;0
3;30;32;45;10;4;30;33;29;-3;22.88;2.508;12;0;8;0;0;3;2;3;2;1;1
3;30;32;45;10;6;38;28;26;9;30.78;2.826;35;1;8;0;0;4;3;3;3;2;1
3;30;32;45;10;15;39;29;57;-2;26.2;2.728;8;0;8;0;0;4;3;3;3;2;1
1;38;31;30;6;15;48;43;60;-9;25.11;2.804;39;1;8;0;0;4;4;3;3;2;0
20;39;32;29;27;2;23;28;35;-4;19.44;2.292;14;0;8;0;0;2;1;3;2;1;0
20;39;32;29;3;6;28;43;33;6;27.7;2.619;18;0;7;0;0;4;2;3;3;2;0
14;47;32;30;3;24;45;46;40;-4;26.73;2.83;33;1;8;0;0;5;3;3;3;2;0
14;47;32;30;3;24;55;30;32;3;23.45;2.848;2;0;8;0;0;5;4;3;2;2;0
14;47;32;30;1;15;48;43;60;-9;25.11;2.804;41;1;8;0;0;4;4;3;3;2;0
14;47;32;30;1;3;32;31;73;-3;32.4;2.828;18;0;8;0;0;2;2;3;3;2;0
8;53;26;42;11;27;50;33;93;13;26.42;2.891;16;0;8;0;0;5;4;4;3;2;0
8;53;26;42;11;3;29;45;30;-3;31.79;2.745;36;1;8;0;0;2;2;3;3;2;0
8;37;31;30;27;6;28;43;33;6;27.7;2.619;25;0;8;0;0;4;2;3;3;2;0
1;33;16;46;20;5;24;30;32;-6;20.81;2.347;20;0;8;0;0;3;1;3;2;1;0
34;55;63;28;4;24;53;30;32;-17;27.77;2.969;2;0;8;0;0;5;4;2;3;2;0
34;55;63;28;4;30;52;28;26;-9;25.66;2.878;9;0;8;0;0;5;4;3;3;2;0
15;50;32;26;19;23;55;46;71;10;25.8;2.943;41;1;9;0;0;5;4;3;3;2;0
16;52;32;30;11;17;39;29;32;-7;22.86;2.624;18;0;9;0;0;5;3;3;2;2;0
16;52;32;30;24;1;24;45;62;-1;29.39;2.608;25;0;9;0;0;1;1;3;3;2;0
16;52;44;39;28;34;56;28;63;-10;30.11;3.06;22;0;9;0;0;6;5;3;3;2;0
16;52;44;39;28;30;52;28;26;-9;25.66;2.878;27;1;9;0;0;5;4;3;3;2;0
16;52;32;30;28;29;50;32;36;-3;26.23;2.882;23;0;9;0;0;5;4;3;3;4;0
16;52;32;30;28;29;48;43;51;-10;25.71;2.84;23;0;9;0;0;5;4;3;3;2;0
3;30;32;45;28;29;50;32;36;-3;26.23;2.882;23;0;9;0;0;5;4;3;3;4;0
3;30;32;45;28;29;48;43;51;-10;25.71;2.84;23;0;9;0;0;5;4;3;3;2;0
3;30;32;45;28;15;52;46;46;5;24.76;2.851;45;1;9;0;0;4;4;3;2;2;0
3;30;32;45;28;13;52;46;31;-4;23.32;2.838;45;1;9;0;0;4;4;3;3;4;0
34;55;63;28;24;24;53;30;32;-17;27.77;2.969;22;0;9;0;0;5;4;2;3;2;0
34;55;63;28;24;22;46;30;32;-30;37.18;3.109;28;1;9;0;0;5;4;1;3;3;0
14;47;32;30;14;24;45;46;40;-4;26.73;2.83;44;1;9;0;0;5;3;3;3;2;0
14;47;32;30;14;13;41;30;32;11;29.67;2.841;22;0;9;0;0;4;3;4;3;2;0
14;47;32;30;17;23;45;30;77;-18;24.62;2.753;17;0;9;0;0;5;3;2;2;2;0
14;47;32;30;17;5;27;30;62;-22;29.06;2.641;16;0;9;0;0;3;2;2;3;2;0
16;52;44;39;33;18;41;31;31;-28;29.74;2.841;29;1;9;0;0;5;3;2;3;4;0
16;52;44;39;33;34;56;28;63;-10;30.11;3.06;27;1;9;0;0;6;5;3;3;2;0
16;52;44;39;33;18;37;31;46;-25;26.79;2.718;14;0;9;0;0;5;3;2;3;2;0
13;41;31;46;1;15;50;26;32;0;25.5;2.864;12;0;8;0;0;4;4;3;3;2;0
13;41;31;46;1;13;52;46;31;-4;23.32;2.838;35;1;8;0;0;4;4;3;3;4;0
13;41;31;46;2;15;50;26;32;0;25.5;2.864;13;0;8;0;0;4;4;3;3;2;0
13;41;31;46;2;13;52;46;31;-4;23.32;2.838;36;1;8;0;0;4;4;3;3;4;0
13;41;31;46;13;15;50;26;32;0;25.5;2.864;24;0;9;0;0;4;4;3;3;2;0
13;41;31;46;13;11;36;31;60;-13;25.28;2.659;1;0;9;0;0;4;3;2;3;2;0
13;41;31;46;14;15;50;26;32;0;25.5;2.864;25;0;9;0;0;4;4;3;3;2;0
13;41;31;46;14;11;36;31;60;-13;25.28;2.659;1;0;9;0;0;4;3;2;3;2;0
1;40;32;29;6;13;47;28;61;1;27.7;2.885;6;0;9;0;0;4;4;3;3;2;0
8;37;31;30;9;8;32;30;45;2;26.32;2.616;25;0;9;0;0;4;2;3;3;2;0
8;37;31;30;9;10;35;46;46;0;26.47;2.681;8;0;9;0;0;4;2;3;3;2;0
8;37;31;30;10;8;32;30;45;2;26.32;2.616;26;1;9;0;0;4;2;3;3;2;0
8;37;31;30;10;3;27;29;26;0;21.45;2.393;9;0;9;0;0;2;2;3;2;1;0
15;54;32;30;28;27;50;33;93;13;26.42;2.891;21;0;9;0;0;5;4;4;3;2;0
4;34;27;34;3;29;48;43;51;-10;25.71;2.84;27;1;9;0;0;5;4;3;3;2;0
4;34;27;34;11;13;35;45;30;-12;21.36;2.555;26;1;9;0;0;4;2;2;2;1;0
1;33;16;46;44;4;36;38;63;5;25.5;2.668;12;0;9;0;0;3;3;3;3;2;0
1;33;16;46;44;3;27;29;26;0;21.45;2.393;7;0;9;0;0;2;2;3;2;1;0
1;33;16;46;45;10;32;34;90;-1;23.45;2.549;16;0;9;0;0;4;2;3;2;1;0
9;38;28;33;26;2;31;44;78;3;29.74;2.715;16;0;9;0;0;2;2;3;3;4;1
9;38;28;33;26;3;27;29;26;0;21.45;2.393;14;0;9;0;0;2;2;3;2;1;1
8;53;26;42;35;4;35;32;27;2;26.44;2.69;17;0;9;0;0;3;2;3;3;2;1
8;53;26;42;35;3;27;29;26;0;21.45;2.393;14;0;9;0;0;2;2;3;2;1;1
30;56;48;44;18;15;48;34;27;-9;25.11;2.804;4;0;9;0;0;4;4;3;3;2;0
30;56;48;44;18;17;40;38;67;-1;33.39;2.953;11;0;9;0;0;5;3;3;3;2;0
30;56;48;44;11;24;55;30;32;3;23.45;2.848;26;1;9;0;0;5;4;3;2;2;0
30;56;48;44;11;5;27;30;62;-22;29.06;2.641;26;1;9;0;0;3;2;2;3;2;0
30;56;48;44;5;13;41;30;32;11;29.67;2.841;29;1;9;0;0;4;3;4;3;2;0
30;56;48;44;5;24;55;30;32;3;23.45;2.848;20;0;9;0;0;5;4;3;2;2;0
16;53;36;31;11;31;55;29;32;-8;29.83;3.06;10;0;9;0;0;6;4;3;3;2;0
16;53;36;31;11;33;56;29;78;-23;34.02;3.168;17;0;9;0;0;6;5;2;3;3;0
16;53;36;31;12;21;42;27;28;-23;38.53;3.17;15;0;9;0;0;5;3;2;3;3;0
16;53;36;31;12;5;28;47;32;-13;27.68;2.605;2;0;9;0;0;3;2;2;3;2;0
3;31;32;29;2;4;36;38;63;5;25.5;2.668;11;0;9;0;0;3;3;3;3;2;0
8;43;33;35;4;4;36;38;63;5;25.5;2.668;15;0;9;0;0;3;3;3;3;2;1
8;43;33;35;4;3;27;29;26;0;21.45;2.393;20;0;9;0;0;2;2;3;2;1;1
9;38;44;32;6;8;56;33;65;-31;25.76;2.957;17;0;9;0;0;4;5;1;3;2;0
9;38;44;32;6;17;43;32;58;-32;26.8;2.788;21;0;9;0;0;5;3;1;3;2;0
34;55;63;28;20;24;53;30;32;-17;27.77;2.969;18;0;9;0;0;5;4;2;3;2;0
34;55;63;28;20;30;52;28;26;-9;25.66;2.878;25;0;9;0;0;5;4;3;3;2;0
20;39;33;28;5;5;28;45;47;-1;36.13;2.88;8;0;10;0;0;3;2;3;3;2;0
1;38;32;29;2;30;56;44;48;-29;27.74;3.011;18;0;9;0;0;5;5;2;3;2;0
1;38;32;29;2;17;40;38;67;-1;33.39;2.953;11;0;9;0;0;5;3;3;3;2;0
1;38;32;29;6;15;48;34;27;-9;25.11;2.804;8;0;9;0;0;4;4;3;3;2;0
1;38;32;29;6;17;40;38;67;-1;33.39;2.953;15;0;9;0;0;5;3;3;3;2;0
1;40;32;29;23;25;46;42;61;-9;24.21;2.758;17;0;10;0;0;5;4;3;2;2;0
4;34;27;34;25;23;43;40;52;3;23.2;2.671;18;0;10;0;0;5;3;3;2;2;0
8;37;32;29;26;10;35;46;46;0;26.47;2.681;25;0;10;0;0;4;2;3;3;2;0
8;37;32;29;26;3;27;31;56;2;22.92;2.456;7;0;10;0;0;2;2;3;2;1;0
1;38;32;29;8;30;56;44;48;-29;27.74;3.011;24;0;10;0;0;5;5;2;3;2;0
1;38;32;29;8;17;40;38;67;-1;33.39;2.953;17;0;10;0;0;5;3;3;3;2;0
1;38;32;29;11;30;56;44;48;-29;27.74;3.011;27;1;10;0;0;5;5;2;3;2;0
1;38;32;29;11;17;40;38;67;-1;33.39;2.953;20;0;10;0;0;5;3;3;3;2;0
9;38;44;32;11;13;47;28;61;1;27.7;2.885;23;0;10;0;0;4;4;3;3;2;0
9;38;44;32;11;6;38;23;23;9;30.78;2.826;18;0;10;0;0;4;3;3;3;2;0
13;41;31;46;36;8;56;33;65;-31;25.76;2.957;20;0;10;0;0;4;5;1;3;2;0
13;41;31;46;36;17;43;32;58;-32;26.8;2.788;24;0;10;0;0;5;3;1;3;2;0
16;53;36;31;25;31;56;29;32;-8;29.83;3.06;24;0;10;0;0;6;5;3;3;2;0
16;53;36;31;25;5;27;42;19;-5;28.08;2.614;28;1;10;0;0;3;2;3;3;2;0
30;56;48;44;24;15;48;34;27;-9;25.11;2.804;10;0;10;0;0;4;4;3;3;2;0
30;56;48;44;24;3;23;30;35;-7;22.04;2.414;15;0;10;0;0;2;1;3;2;1;0
30;56;48;44;27;17;40;38;67;-1;33.39;2.953;20;0;10;0;0;5;3;3;3;2;0
30;56;48;44;27;15;48;34;27;-9;25.11;2.804;13;0;10;0;0;4;4;3;3;2;0
30;56;48;44;33;17;40;38;67;-1;33.39;2.953;26;1;10;0;0;5;3;3;3;2;0
30;56;48;44;33;13;41;30;25;11;29.67;2.841;2;0;10;0;0;4;3;4;3;2;0
20;39;33;28;20;12;37;30;31;6;27.78;2.745;7;0;10;0;0;4;3;3;3;2;0
20;39;33;28;20;10;35;46;46;0;26.47;2.681;36;1;10;0;0;4;2;3;3;2;0
23;46;56;32;13;15;45;45;35;-1;24.44;2.753;28;1;10;0;0;4;3;3;2;2;0
23;46;56;32;13;27;50;32;28;13;26.42;2.891;7;0;10;0;0;5;4;4;3;2;0
23;46;56;32;5;6;39;44;48;-9;24.04;2.656;35;1;10;0;0;4;3;3;2;2;0
23;46;56;32;5;18;44;28;40;-9;26.58;2.807;20;0;10;0;0;5;3;3;3;2;0
15;50;35;30;2;9;42;35;57;3;22.72;2.671;10;0;10;0;0;4;3;3;2;2;0
4;40;42;50;10;15;50;30;35;0;25.5;2.864;2;0;10;0;0;4;4;3;3;2;0
15;54;31;30;9;25;46;42;61;-9;24.21;2.758;33;1;10;0;0;5;4;3;2;2;0
15;54;31;30;9;34;54;29;47;3;30.86;3.073;24;0;10;0;0;6;4;3;3;2;0
20;39;33;28;22;4;36;38;63;5;25.5;2.668;33;1;10;0;0;3;3;3;3;2;0
33;55;51;32;5;6;34;38;67;-5;23.54;2.554;34;1;10;0;0;4;2;3;2;1;0
33;55;51;32;5;24;46;45;47;4;27.78;2.857;25;0;10;0;0;5;4;3;3;2;0
16;52;31;31;9;24;46;45;47;4;27.78;2.857;24;0;10;0;0;5;4;3;3;2;0
16;52;31;31;9;10;29;30;31;6;28.01;2.628;22;0;10;0;0;4;2;3;3;2;0
16;52;31;31;10;24;46;45;47;4;27.78;2.857;25;0;10;0;0;5;4;3;3;2;0
16;52;31;31;10;10;29;30;31;6;28.01;2.628;23;0;10;0;0;4;2;3;3;2;0
16;52;31;31;10;6;34;38;67;-5;23.54;2.554;34;1;10;0;0;4;2;3;2;1;0
16;52;31;31;10;23;43;40;52;3;23.2;2.671;35;1;10;0;0;5;3;3;2;2;0
16;52;31;31;10;33;56;32;51;-4;19.91;2.781;5;0;10;0;0;6;5;3;2;2;0
3;31;32;29;26;10;35;46;46;0;26.47;2.681;40;1;10;0;0;4;2;3;3;2;0
15;54;31;30;13;23;46;32;56;-18;30.93;2.961;12;0;10;0;0;5;4;2;3;2;0
15;52;48;44;42;6;39;44;48;-9;24.04;2.656;42;1;10;0;0;4;3;3;2;2;0
15;52;48;44;42;34;54;29;47;3;30.86;3.073;28;1;10;0;0;6;4;3;3;2;0
15;52;48;44;40;25;46;42;61;-9;24.21;2.758;35;1;10;0;0;5;4;3;2;2;0
15;52;48;44;40;15;45;45;35;-1;24.44;2.753;25;0;10;0;0;4;3;3;2;2;0
15;52;48;44;38;6;39;44;48;-9;24.04;2.656;38;1;10;0;0;4;3;3;2;2;0
15;52;48;44;38;18;44;28;40;-9;26.58;2.807;23;0;10;0;0;5;3;3;3;2;0
34;55;32;31;10;23;57;30;68;-12;27.47;3.002;7;0;10;0;0;5;5;2;3;2;0
34;55;32;31;10;30;52;42;30;-9;25.66;2.878;17;0;10;0;0;5;4;3;3;2;0
4;40;42;50;17;13;52;45;46;-4;23.32;2.838;1;0;10;0;0;4;4;3;3;4;0
15;50;35;30;8;9;42;35;57;3;22.72;2.671;16;0;10;0;0;4;3;3;2;2;0
33;55;51;32;14;24;46;45;47;4;27.78;2.857;34;1;10;0;0;5;4;3;3;2;0
3;30;31;30;9;8;32;30;31;2;26.32;2.616;9;0;11;0;0;4;2;3;3;2;1
3;30;31;30;9;5;28;45;47;-1;36.13;2.88;40;1;11;0;0;3;2;3;3;2;1
3;30;31;30;8;8;32;30;31;2;26.32;2.616;8;0;11;0;0;4;2;3;3;2;0
3;30;31;30;8;12;37;30;31;6;27.78;2.745;23;0;11;0;0;4;3;3;3;2;0
8;53;25;45;10;5;28;45;47;-1;36.13;2.88;43;1;11;0;1;3;2;3;3;2;0
1;33;28;33;15;5;28;45;47;-1;36.13;2.88;44;1;11;0;0;3;2;3;3;2;0
33;55;51;32;24;1;24;45;16;-1;29.39;2.608;30;1;11;0;0;1;1;3;3;2;0
16;52;31;31;29;30;49;31;46;-10;26.3;2.854;42;1;11;0;0;5;4;3;3;2;0
16;52;31;31;29;24;46;45;47;4;27.78;2.857;44;1;11;0;0;5;4;3;3;2;0
16;52;31;31;29;33;56;32;51;-4;19.91;2.781;24;0;11;0;0;6;5;3;2;2;0
16;52;31;31;24;24;46;45;47;4;27.78;2.857;39;1;11;0;0;5;4;3;3;2;0
16;52;29;32;21;20;44;35;57;10;30.19;2.929;27;1;11;0;0;5;3;3;3;2;0
33;55;51;32;27;8;29;19;89;-10;24.69;2.543;3;0;11;0;0;4;2;3;2;1;0
23;46;56;32;27;8;45;45;106;-10;32.66;2.969;42;1;11;0;1;4;3;3;3;2;0
23;46;56;32;27;15;45;45;32;-1;24.44;2.753;42;1;11;0;1;4;3;3;2;2;0
23;46;56;32;27;1;23;24;28;1;21.98;2.364;14;0;11;0;1;1;1;3;2;1;0
23;46;56;32;28;1;23;24;28;1;21.98;2.364;15;0;11;0;0;1;1;3;2;1;0
23;46;56;32;28;15;40;29;32;-2;26.2;2.728;26;1;11;0;0;4;3;3;3;2;0
34;55;32;31;30;24;53;35;56;-17;27.77;2.969;2;0;11;0;0;5;4;2;3;2;0
34;55;32;31;30;14;45;30;31;1;29.05;2.879;27;1;11;0;0;4;3;3;3;2;0
16;52;29;32;28;24;53;35;56;-17;27.77;2.969;2;0;11;0;0;5;4;2;3;2;0
16;52;29;32;28;14;45;30;31;1;29.05;2.879;27;1;11;0;0;4;3;3;3;2;0
16;52;29;32;28;18;37;31;30;-25;26.79;2.718;16;0;11;0;0;5;3;2;3;2;0
4;40;42;50;26;15;50;30;35;0;25.5;2.864;18;0;11;0;0;4;4;3;3;2;0
4;40;42;50;28;13;52;45;46;-4;23.32;2.838;28;1;11;0;0;4;4;3;3;4;0
4;40;42;50;33;9;42;35;57;3;22.72;2.671;33;1;11;0;0;4;3;3;2;2;0
4;34;27;34;5;33;56;32;51;-4;19.91;2.781;29;1;11;0;0;6;5;3;2;2;0
8;37;32;44;6;4;31;27;66;-3;22.88;2.508;1;0;11;0;0;3;2;3;2;1;1
8;37;32;44;6;6;29;30;62;6;27.7;2.619;22;0;11;0;0;4;2;3;3;2;1
8;37;32;44;7;22;49;30;44;-10;32.1;3.034;23;0;11;0;0;5;4;3;3;2;1
8;37;32;44;7;6;38;23;23;9;30.78;2.826;5;0;11;0;0;4;3;3;3;2;1
4;34;27;34;11;29;48;35;26;-10;25.71;2.84;27;1;11;0;0;5;4;3;3;2;0
4;34;27;34;11;11;50;29;38;-19;21.22;2.706;3;0;11;0;0;4;4;2;2;2;0
1;40;33;43;6;22;49;30;44;-10;32.1;3.034;22;0;11;0;0;5;4;3;3;2;0
1;40;33;43;10;13;48;31;39;1;27.7;2.885;3;0;11;0;0;4;4;3;3;2;0
1;40;33;43;14;24;47;33;58;7;30.86;2.961;12;0;11;0;0;5;4;3;3;2;0
16;53;31;30;9;24;53;35;56;-17;27.77;2.969;2;0;11;0;0;5;4;2;3;2;0
16;53;31;30;9;1;22;28;35;8;21.13;2.337;4;0;11;0;0;1;1;3;2;1;0
16;53;31;30;9;31;56;29;32;-8;29.83;3.06;8;0;11;0;0;6;5;3;3;2;0
16;53;31;30;9;17;39;27;28;-37;28.68;2.8;12;0;11;0;0;5;3;1;3;2;0
9;38;29;23;4;5;25;33;64;-6;20.81;2.347;15;0;11;0;0;3;1;3;2;1;0
9;38;29;23;4;4;36;29;32;5;25.5;2.668;2;0;11;0;0;3;3;3;3;2;0
9;38;29;23;7;4;36;31;32;2;26.44;2.69;19;0;11;0;0;3;3;3;3;2;0
9;38;29;23;7;9;32;28;61;-2;23.18;2.549;3;0;11;0;0;4;2;3;2;1;0
3;31;32;29;6;3;27;37;28;2;22.92;2.456;4;0;11;0;0;2;2;3;2;1;0
3;31;32;29;6;5;25;33;64;-6;20.81;2.347;19;0;11;0;0;3;1;3;2;1;0
4;34;27;34;25;23;43;32;29;3;23.2;2.671;10;0;12;0;0;5;3;3;2;2;0
4;34;27;34;29;6;34;23;23;-5;23.54;2.554;21;0;12;0;0;4;2;3;2;1;0
1;38;32;48;13;3;24;30;49;-7;22.04;2.414;2;0;12;0;0;2;1;3;2;1;0
1;40;33;43;23;3;38;38;84;-6;25.86;2.7;25;0;12;0;0;2;3;3;3;2;0
1;40;33;43;23;6;38;27;34;9;30.78;2.826;21;0;12;0;0;4;3;3;3;2;0
9;38;29;23;18;24;55;42;108;4;29.4;3.042;14;0;12;0;0;5;4;3;3;2;0
9;38;29;23;18;3;38;38;84;-6;25.86;2.7;33;1;12;0;0;2;3;3;3;2;0
13;41;46;47;15;8;34;29;32;-9;26.12;2.644;15;0;12;0;0;4;2;3;3;2;0
13;41;46;47;15;8;57;45;56;-31;25.76;2.957;1;0;12;0;0;4;5;1;3;2;0
13;41;46;47;14;8;34;29;32;-9;26.12;2.644;14;0;12;0;0;4;2;3;3;2;0
13;41;46;47;14;8;57;45;56;-31;25.76;2.957;1;0;12;0;0;4;5;1;3;2;0
16;53;30;31;28;24;48;30;94;-6;34.72;3.9;16;0;12;0;0;5;4;3;3;4;0
8;37;32;44;33;5;25;33;64;-6;20.81;2.347;31;1;12;0;0;3;1;3;2;1;1
8;37;32;44;33;4;36;29;32;5;25.5;2.668;18;0;12;0;0;3;3;3;3;2;1
8;37;32;44;33;3;27;37;28;2;22.92;2.456;16;0;12;0;0;2;2;3;2;1;1
15;50;31;30;6;5;31;44;60;-28;28.41;2.665;42;1;12;0;0;3;2;2;3;2;0
15;50;31;30;4;29;57;44;61;-32;37.18;3.277;8;0;12;0;0;5;5;1;3;3;0
3;31;32;29;24;8;32;27;22;2;26.32;2.616;3;0;12;0;0;4;2;3;3;2;0
3;31;32;29;23;5;28;45;47;-1;36.13;2.88;9;0;12;0;0;3;2;3;3;2;0
33;55;29;32;6;13;36;29;47;-12;21.36;2.555;27;1;12;0;0;4;3;2;2;1;0
8;43;30;49;23;8;32;27;22;2;26.32;2.616;8;0;12;0;0;4;2;3;3;2;0
8;43;30;49;23;10;32;36;57;-1;23.45;2.549;16;0;12;0;0;4;2;3;2;1;0
3;30;22;30;4;8;32;27;22;2;26.32;2.616;4;0;12;0;0;4;2;3;3;2;0
3;30;22;30;4;4;36;29;32;5;25.5;2.668;25;0;12;0;0;3;3;3;3;2;0
3;30;22;30;6;8;32;27;22;2;26.32;2.616;6;0;12;0;0;4;2;3;3;2;0
3;30;22;30;6;9;32;28;61;-2;23.18;2.549;25;0;12;0;0;4;2;3;2;1;0
33;55;29;32;9;16;43;44;75;-10;29.03;2.851;29;1;12;0;0;5;3;3;3;2;0
1;33;28;33;2;2;32;44;78;3;29.74;2.715;16;0;12;0;0;2;2;3;3;4;1
1;33;28;33;2;11;36;33;41;-3;30.67;2.798;2;0;12;0;0;4;3;3;3;2;1
1;33;28;33;2;8;33;29;62;-8;26.12;2.644;3;0;6;0;0;4;2;3;3;2;1
1;33;28;33;2;17;53;28;33;-2;26.3;2.924;2;0;6;0;0;5;4;3;3;2;0
1;33;28;33;2;17;53;29;32;-2;26.3;2.924;10;0;11;0;0;5;4;3;3;2;0
1;33;28;33;2;8;33;36;31;0;20.45;2.464;32;1;11;0;0;4;2;3;2;1;1
13;41;29;31;21;28;55;29;32;-9;26.49;2.961;1;0;4;0;0;5;4;3;3;2;0
4;40;27;54;19;28;55;29;32;-9;26.49;2.961;26;1;5;0;0;5;4;3;3;2;0
13;41;49;42;27;28;55;30;56;-9;26.49;2.961;2;0;7;0;0;5;4;3;3;2;0
13;41;49;42;39;28;55;30;56;-9;26.49;2.961;14;0;7;0;0;5;4;3;3;2;0
4;40;41;31;10;28;55;30;56;-9;26.49;2.961;27;1;8;0;0;5;4;3;3;2;0
13;41;31;46;22;28;55;29;38;-9;26.49;2.961;2;0;9;0;0;5;4;3;3;2;0
13;41;31;46;35;28;55;29;38;-9;26.49;2.961;15;0;9;0;0;5;4;3;3;2;0
4;40;42;50;3;28;55;29;38;-9;26.49;2.961;25;0;10;0;0;5;4;3;3;2;0
4;40;42;50;40;28;55;29;32;-9;26.49;2.961;1;0;11;0;0;5;4;3;3;2;0
4;40;42;50;49;28;55;29;32;-9;26.49;2.961;10;0;11;0;0;5;4;3;3;2;0
13;41;46;47;6;28;55;29;32;-9;26.49;2.961;17;0;12;0;0;5;4;3;3;2;0
13;41;29;31;10;9;42;24;40;3;22.72;2.671;14;0;4;0;0;4;3;3;2;2;0
13;41;29;31;19;9;42;24;40;3;22.72;2.671;23;0;4;0;0;4;3;3;2;2;0
4;40;27;54;19;9;42;32;25;3;22.72;2.671;1;0;5;0;0;4;3;3;2;2;0
4;40;27;54;21;9;42;32;25;3;22.72;2.671;3;0;5;0;0;4;3;3;2;2;0
4;40;27;54;48;9;42;32;25;3;22.72;2.671;30;1;6;0;0;4;3;3;2;2;0
13;41;49;42;27;9;42;32;29;3;22.72;2.671;1;0;7;0;0;4;3;3;2;2;0
13;41;49;42;41;9;42;32;29;3;22.72;2.671;15;0;7;0;0;4;3;3;2;2;0
4;40;41;31;12;9;42;32;29;3;22.72;2.671;28;1;8;0;0;4;3;3;2;2;0
13;41;31;46;43;9;42;35;57;3;22.72;2.671;1;0;10;0;0;4;3;3;2;2;0
4;40;42;50;14;9;42;35;57;3;22.72;2.671;14;0;10;0;0;4;3;3;2;2;0
4;40;42;50;25;9;42;35;57;3;22.72;2.671;25;0;11;0;0;4;3;3;2;2;0
13;41;29;31;7;5;30;47;74;-28;28.41;2.665;9;0;4;0;0;3;2;2;3;2;0
4;40;27;54;10;5;30;47;74;-28;28.41;2.665;39;1;5;0;1;3;2;2;3;2;0
13;41;49;42;15;5;30;20;45;-28;28.41;2.665;5;0;6;0;0;3;2;2;3;2;0
13;41;49;42;12;5;30;20;45;-28;28.41;2.665;5;0;6;0;0;3;2;2;3;2;0
13;41;49;42;28;5;30;20;45;-28;28.41;2.665;18;0;7;0;0;3;2;2;3;2;0
13;41;29;31;20;5;30;47;74;-28;28.41;2.665;22;0;4;0;0;3;2;2;3;2;0
4;40;41;31;15;5;30;32;26;-28;28.41;2.665;1;0;8;0;0;3;2;2;3;2;0
4;40;41;31;28;5;30;32;26;-28;28.41;2.665;14;0;8;0;0;3;2;2;3;2;0
13;41;31;46;13;5;30;32;26;-28;28.41;2.665;30;1;9;0;0;3;2;2;3;2;0
4;40;42;50;34;5;31;44;60;-28;28.41;2.665;1;0;11;0;0;3;2;2;3;2;0
4;40;42;50;42;5;31;44;60;-28;28.41;2.665;9;0;11;0;0;3;2;2;3;2;0
4;40;42;50;46;5;31;44;60;-28;28.41;2.665;13;0;11;0;0;3;2;2;3;2;0
13;41;46;47;6;5;31;44;60;-28;28.41;2.665;23;0;12;0;0;3;2;2;3;2;0
16;52;41;46;24;4;29;21;21;2;24.69;2.543;2;0;2;0;0;3;2;3;2;1;0
16;52;41;46;33;4;29;21;21;2;24.69;2.543;11;0;2;0;0;3;2;3;2;1;0
16;52;41;46;41;4;29;21;21;2;24.69;2.543;19;0;3;0;0;3;2;3;2;1;0
4;34;26;33;1;4;29;35;61;2;24.69;2.543;1;0;5;0;0;3;2;3;2;1;1
4;34;26;33;20;4;29;35;61;2;24.69;2.543;20;0;5;0;0;3;2;3;2;1;0
4;34;26;33;20;1;23;30;31;-1;29.39;2.608;19;0;5;0;0;1;1;3;3;2;0
4;34;26;33;32;4;29;35;61;2;24.69;2.543;32;1;6;0;0;3;2;3;2;1;0
4;34;28;35;3;4;29;37;28;2;24.69;2.543;1;0;7;0;0;3;2;3;2;1;1
4;34;28;35;18;4;29;37;28;2;24.69;2.543;16;0;7;0;0;3;2;3;2;1;0
4;34;28;35;34;4;29;37;28;2;24.69;2.543;32;1;8;0;0;3;2;3;2;1;0
4;34;27;34;6;4;29;32;89;2;24.69;2.543;1;0;11;0;0;3;2;3;2;1;1
4;34;27;34;22;4;29;32;89;2;24.69;2.543;17;0;11;0;0;3;2;3;2;1;0
16;52;30;31;9;33;56;40;50;-4;19.91;2.781;4;0;4;0;0;6;5;3;2;2;0
16;52;30;31;23;33;56;40;50;-4;19.91;2.781;18;0;5;0;1;6;5;3;2;2;0
4;34;26;33;7;33;56;40;50;-4;19.91;2.781;30;1;5;0;0;6;5;3;2;2;0
4;34;26;33;16;33;56;40;50;-4;19.91;2.781;39;1;5;0;0;6;5;3;2;2;0
4;34;28;35;16;33;56;33;59;-4;19.91;2.781;1;0;7;0;0;6;5;3;2;2;1
4;34;28;35;34;33;56;33;59;-4;19.91;2.781;19;0;8;0;0;6;5;3;2;2;0
16;52;32;30;6;33;56;33;59;-4;19.91;2.781;24;0;8;0;0;6;5;3;2;2;0
16;52;31;31;12;33;56;32;51;-4;19.91;2.781;7;0;10;0;0;6;5;3;2;2;0
16;52;31;31;23;33;56;32;51;-4;19.91;2.781;18;0;11;0;0;6;5;3;2;2;0
4;34;27;34;7;33;56;32;51;-4;19.91;2.781;31;1;11;0;0;6;5;3;2;2;1
4;34;44;32;17;13;35;45;30;-12;21.36;2.555;4;0;3;0;0;4;2;2;2;1;0
4;34;44;32;30;13;35;45;30;-12;21.36;2.555;17;0;4;0;0;4;2;2;2;1;0
16;52;30;31;23;13;35;45;30;-12;21.36;2.555;40;1;5;0;1;4;2;2;2;1;0
16;52;30;29;15;13;35;29;47;-12;21.36;2.555;1;0;6;0;0;4;2;2;2;1;0
4;34;28;35;1;13;35;29;47;-12;21.36;2.555;15;0;7;0;0;4;2;2;2;1;0
4;34;28;35;13;13;35;29;47;-12;21.36;2.555;27;1;7;0;0;4;2;2;2;1;0
16;52;32;30;18;13;35;45;32;-12;21.36;2.555;4;0;8;0;0;4;2;2;2;1;0
4;34;27;34;9;13;35;45;32;-12;21.36;2.555;24;0;9;0;0;4;2;2;2;1;0
4;34;27;34;27;13;36;45;32;-12;21.36;2.555;42;1;10;0;0;4;3;2;2;1;1
4;34;27;34;17;13;36;29;47;-12;21.36;2.555;1;0;11;0;0;4;3;2;2;1;0
16;53;30;30;26;33;55;30;30;-23;34.02;3.168;3;0;3;0;0;6;4;2;3;3;0
16;52;28;32;11;33;55;30;30;-23;34.02;3.168;17;0;3;0;0;6;4;2;3;3;0
16;52;28;32;17;33;55;30;30;-23;34.02;3.168;23;0;3;0;0;6;4;2;3;3;0
16;52;29;41;24;33;55;45;31;-23;34.02;3.168;30;1;6;0;0;6;4;2;3;3;0
16;52;29;41;36;33;55;45;31;-23;34.02;3.168;42;1;6;0;0;6;4;2;3;3;0
16;52;44;39;37;33;56;29;78;-23;34.02;3.168;5;0;9;0;0;6;5;2;3;3;0
16;53;36;31;11;33;56;29;78;-23;34.02;3.168;17;0;9;0;0;6;5;2;3;3;0
16;53;36;31;20;33;56;29;78;-23;34.02;3.168;26;1;10;0;0;6;5;2;3;3;0
16;53;30;31;26;33;56;29;62;-23;34.02;3.168;2;0;12;0;0;6;5;2;3;3;0
16;53;30;30;27;13;42;28;26;-10;25.99;2.761;1;0;3;0;0;4;3;3;3;2;0
16;52;29;32;7;33;56;29;62;-23;34.02;3.168;13;0;12;0;0;6;5;2;3;3;0
16;52;29;32;7;34;56;31;32;-10;30.11;3.06;7;0;12;0;0;6;5;3;3;2;0
16;52;28;32;5;13;42;28;26;-10;25.99;2.761;8;0;3;0;0;4;3;3;3;2;0
16;52;28;32;14;13;42;28;26;-10;25.99;2.761;17;0;3;0;0;4;3;3;3;2;0
16;53;30;31;27;13;42;30;31;-10;25.99;2.761;2;0;5;0;0;4;3;3;3;2;0
16;52;29;41;17;13;42;30;31;-10;25.99;2.761;22;0;5;0;0;4;3;3;3;2;0
16;52;29;41;24;13;42;30;31;-10;25.99;2.761;29;1;6;0;0;4;3;3;3;2;0
16;52;44;39;25;13;42;30;77;-10;25.99;2.761;8;0;9;0;0;4;3;3;3;2;0
16;53;36;31;3;13;42;30;77;-10;25.99;2.761;24;0;9;0;0;4;3;3;3;2;0
16;53;36;31;7;13;42;30;77;-10;25.99;2.761;28;1;9;0;0;4;3;3;3;2;0
16;53;30;31;12;13;43;44;62;-10;25.99;2.761;2;0;11;0;0;4;3;3;3;2;0
16;53;30;31;28;13;43;44;62;-10;25.99;2.761;18;0;12;0;0;4;3;3;3;2;0
16;52;29;32;12;13;43;44;62;-10;25.99;2.761;32;1;12;0;0;4;3;3;3;2;0
16;53;30;31;9;5;27;25;38;-5;28.08;2.614;8;0;4;0;0;3;2;3;3;2;0
16;53;30;31;18;5;27;25;38;-5;28.08;2.614;17;0;5;0;1;3;2;3;3;2;0
16;53;30;31;24;5;27;25;38;-5;28.08;2.614;23;0;5;0;0;3;2;3;3;2;0
16;53;38;48;19;5;27;45;60;-5;28.08;2.614;2;0;7;0;0;3;2;3;3;2;0
16;53;38;48;35;5;27;45;60;-5;28.08;2.614;18;0;7;0;0;3;2;3;3;2;0
16;52;44;39;8;5;27;45;60;-5;28.08;2.614;37;1;8;0;0;3;2;3;3;2;0
16;53;36;31;3;5;27;42;19;-5;28.08;2.614;6;0;9;0;0;3;2;3;3;2;0
16;53;36;31;12;5;27;42;19;-5;28.08;2.614;15;0;9;0;0;3;2;3;3;2;0
16;52;29;32;8;5;27;42;19;-5;28.08;2.614;41;1;10;0;0;3;2;3;3;2;0
16;53;30;31;2;5;27;27;19;-5;28.08;2.614;5;0;11;0;0;3;2;3;3;2;0
16;53;30;31;11;5;27;27;19;-5;28.08;2.614;14;0;11;0;0;3;2;3;3;2;0
16;53;30;31;22;5;27;27;19;-5;28.08;2.614;25;0;12;0;0;3;2;3;3;2;0
2;31;31;55;15;13;47;30;28;1;27.7;2.885;4;0;2;0;0;4;4;3;3;2;0
2;31;31;55;25;13;47;30;28;1;27.7;2.885;15;0;3;0;0;4;4;3;3;2;0
2;31;31;55;36;13;47;30;28;1;27.7;2.885;26;1;3;0;0;4;4;3;3;2;0
1;40;32;29;3;13;47;28;61;1;27.7;2.885;1;0;9;0;0;4;4;3;3;2;0
1;40;32;29;17;13;47;28;61;1;27.7;2.885;15;0;9;0;0;4;4;3;3;2;0
1;40;32;29;28;13;47;28;61;1;27.7;2.885;26;1;10;0;0;4;4;3;3;2;0
2;31;31;45;13;3;28;46;30;-3;31.79;2.745;12;0;2;0;0;2;2;3;3;2;1
2;31;31;55;46;3;28;46;30;-3;31.79;2.745;44;1;3;0;0;2;2;3;3;2;0
2;31;31;55;26;3;28;46;30;-3;31.79;2.745;24;0;3;0;0;2;2;3;3;2;0
15;54;32;30;1;3;29;45;30;-3;31.79;2.745;14;0;8;0;0;2;2;3;3;2;0
16;52;29;32;11;33;56;29;62;-23;34.02;3.168;17;0;12;0;0;6;5;2;3;3;0
16;52;29;32;11;34;56;31;32;-10;30.11;3.06;11;0;12;0;0;6;5;3;3;2;0
1;40;31;30;19;3;29;45;30;-3;31.79;2.745;1;0;7;0;0;2;2;3;3;2;0
15;54;32;30;7;3;29;45;30;-3;31.79;2.745;20;0;8;0;0;2;2;3;3;2;0
15;54;45;45;27;23;46;29;36;-18;30.93;2.961;4;0;4;0;0;5;4;2;3;2;0
15;54;45;45;33;23;46;29;36;-18;30.93;2.961;10;0;4;0;0;5;4;2;3;2;0
15;54;45;45;44;23;46;29;36;-18;30.93;2.961;21;0;5;0;0;5;4;2;3;2;0
1;40;31;30;17;23;46;36;56;-18;30.93;2.961;16;0;7;0;0;5;4;2;3;2;0
15;54;32;30;2;23;46;36;56;-18;30.93;2.961;32;1;8;0;0;5;4;2;3;2;0
15;54;32;30;5;23;46;36;56;-18;30.93;2.961;35;1;8;0;0;5;4;2;3;2;0
1;38;30;30;15;15;47;38;52;-9;25.11;2.804;1;0;4;0;0;4;4;3;3;2;1
14;47;32;29;4;15;47;38;52;-9;25.11;2.804;20;0;4;0;0;4;4;3;3;2;0
14;47;32;29;14;15;47;38;52;-9;25.11;2.804;30;1;5;0;0;4;4;3;3;2;0
14;47;32;29;22;15;47;43;60;-9;25.11;2.804;1;0;7;0;0;4;4;3;3;2;0
1;38;31;30;16;15;48;43;60;-9;25.11;2.804;26;1;8;0;0;4;4;3;3;2;0
1;38;31;30;27;15;48;43;60;-9;25.11;2.804;37;1;8;0;0;4;4;3;3;2;0
1;38;32;29;2;15;48;34;27;-9;25.11;2.804;4;0;9;0;0;4;4;3;3;2;0
1;38;32;29;17;15;48;34;27;-9;25.11;2.804;19;0;10;0;0;4;4;3;3;2;0
1;38;32;29;23;15;48;34;27;-9;25.11;2.804;25;0;10;0;0;4;4;3;3;2;0
1;38;30;30;11;3;23;30;28;-7;22.04;2.414;9;0;4;0;0;2;1;3;2;1;0
1;38;30;30;17;3;23;30;28;-7;22.04;2.414;15;0;4;0;0;2;1;3;2;1;0
1;38;30;30;20;3;23;30;28;-7;22.04;2.414;18;0;4;0;0;2;1;3;2;1;0
14;47;32;29;28;3;23;31;79;-7;22.04;2.414;8;0;7;0;0;2;1;3;2;1;0
1;38;31;30;17;3;23;31;79;-7;22.04;2.414;28;1;8;0;0;2;1;3;2;1;1
14;47;32;30;26;3;23;30;35;-7;22.04;2.414;1;0;9;0;0;2;1;3;2;1;0
14;47;32;30;28;3;23;30;35;-7;22.04;2.414;3;0;9;0;0;2;1;3;2;1;0
1;38;32;29;16;3;23;30;35;-7;22.04;2.414;23;0;10;0;0;2;1;3;2;1;0
1;38;32;48;13;3;24;30;49;-7;22.04;2.414;2;0;12;0;0;2;1;3;2;1;0
1;38;32;48;31;3;24;30;49;-7;22.04;2.414;20;0;12;0;0;2;1;3;2;1;0
14;47;47;59;10;5;27;46;32;-22;29.06;2.641;9;0;2;0;0;3;2;2;3;2;1
14;47;47;59;23;5;27;46;32;-22;29.06;2.641;22;0;2;0;0;3;2;2;3;2;0
14;47;47;59;44;5;27;46;32;-22;29.06;2.641;43;1;3;0;0;3;2;2;3;2;0
14;47;32;29;18;5;27;45;60;-22;29.06;2.641;2;0;5;0;0;3;2;2;3;2;1
14;47;32;29;17;5;27;45;60;-22;29.06;2.641;1;0;5;0;1;3;2;2;3;2;0
1;38;31;30;4;5;27;45;60;-22;29.06;2.641;19;0;5;0;0;3;2;2;3;2;0
1;38;31;30;27;5;27;45;60;-22;29.06;2.641;42;1;6;0;0;3;2;2;3;2;0
14;47;32;30;2;5;27;30;62;-22;29.06;2.641;1;0;8;0;0;3;2;2;3;2;0
14;47;32;30;19;5;27;30;62;-22;29.06;2.641;18;0;9;0;0;3;2;2;3;2;0
14;47;32;30;21;5;27;30;62;-22;29.06;2.641;20;0;9;0;0;3;2;2;3;2;0
14;47;32;30;28;5;27;30;62;-22;29.06;2.641;27;1;9;0;0;3;2;2;3;2;1
1;38;32;48;4;5;27;29;47;-22;29.06;2.641;19;0;11;0;0;3;2;2;3;2;0
1;38;32;48;8;5;27;29;47;-22;29.06;2.641;23;0;12;0;0;3;2;2;3;2;0
9;38;44;48;17;17;53;32;56;-2;26.3;2.924;17;0;5;0;0;5;4;3;3;2;0
9;38;44;48;21;17;53;32;56;-2;26.3;2.924;21;0;5;0;0;5;4;3;3;2;0
9;38;44;48;31;17;53;32;56;-2;26.3;2.924;31;1;5;0;0;5;4;3;3;2;0
1;33;29;32;30;17;53;28;33;-2;26.3;2.924;26;1;7;0;0;5;4;3;3;2;0
1;33;29;32;22;17;53;28;33;-2;26.3;2.924;18;0;7;0;0;5;4;3;3;2;0
1;33;29;32;5;17;53;28;33;-2;26.3;2.924;1;0;6;0;0;5;4;3;3;2;0
1;33;16;46;21;17;53;29;33;-2;26.3;2.924;4;0;8;0;0;5;4;3;3;2;0
8;37;32;29;1;17;53;29;33;-2;26.3;2.924;15;0;9;0;0;5;4;3;3;2;0
8;37;32;29;11;17;53;29;33;-2;26.3;2.924;25;0;9;0;0;5;4;3;3;2;0
1;33;28;33;5;17;53;29;32;-2;26.3;2.924;1;0;10;0;0;5;4;3;3;2;0
8;37;32;44;1;17;53;29;32;-2;26.3;2.924;15;0;11;0;0;5;4;3;3;2;0
8;37;32;44;12;17;54;29;32;-2;26.3;2.924;26;1;11;0;0;5;4;3;3;2;0
3;31;30;39;24;3;27;33;56;0;21.45;2.393;32;1;4;0;0;2;2;3;2;1;1
3;31;30;39;20;3;27;33;56;0;21.45;2.393;28;1;4;0;0;2;2;3;2;1;0
3;31;30;39;10;3;27;33;56;0;21.45;2.393;18;0;3;0;0;2;2;3;2;1;0
8;37;47;30;3;3;27;36;31;0;21.45;2.393;2;0;5;0;0;2;2;3;2;1;1
8;37;47;30;18;3;27;36;31;0;21.45;2.393;17;0;5;0;0;2;2;3;2;1;1
8;37;47;30;29;3;27;36;31;0;21.45;2.393;28;1;6;0;0;2;2;3;2;1;0
8;37;31;30;6;3;27;32;29;0;21.45;2.393;1;0;7;0;0;2;2;3;2;1;1
3;31;31;30;20;3;27;32;29;0;21.45;2.393;30;1;8;0;0;2;2;3;2;1;0
3;31;31;30;8;3;27;32;29;0;21.45;2.393;18;0;8;0;0;2;2;3;2;1;0
8;37;32;29;11;3;27;29;26;0;21.45;2.393;10;0;9;0;0;2;2;3;2;1;0
8;37;32;29;2;3;27;29;26;0;21.45;2.393;1;0;9;0;0;2;2;3;2;1;1
8;37;32;29;27;3;27;29;26;0;21.45;2.393;26;1;10;0;0;2;2;3;2;1;0
3;30;22;30;12;3;27;25;66;0;21.45;2.393;13;0;12;0;0;2;2;3;2;1;0
3;30;22;30;4;3;27;25;66;0;21.45;2.393;5;0;12;0;0;2;2;3;2;1;0
3;30;22;30;1;3;27;25;66;0;21.45;2.393;2;0;12;0;0;2;2;3;2;1;0
8;37;28;32;26;8;31;28;137;2;26.32;2.616;26;1;3;0;0;4;2;3;3;2;0
8;37;28;32;15;8;31;28;137;2;26.32;2.616;15;0;3;0;0;4;2;3;3;2;1
8;37;28;32;6;8;31;28;137;2;26.32;2.616;6;0;3;0;0;4;2;3;3;2;1
3;31;31;30;2;8;31;56;53;2;26.32;2.616;11;0;5;0;0;4;2;3;3;2;0
3;31;31;30;20;8;31;56;53;2;26.32;2.616;29;1;6;0;1;4;2;3;3;2;0
3;31;31;30;29;8;32;56;53;2;26.32;2.616;38;1;6;0;0;4;2;3;3;2;0
1;33;16;46;44;8;32;30;45;2;26.32;2.616;29;1;9;0;0;4;2;3;3;2;0
1;33;16;46;35;8;32;30;45;2;26.32;2.616;20;0;9;0;0;4;2;3;3;2;0
1;33;16;46;17;8;32;30;45;2;26.32;2.616;2;0;8;0;0;4;2;3;3;2;0
1;33;28;33;4;8;32;30;31;2;26.32;2.616;2;0;10;0;0;4;2;3;3;2;0
8;37;32;44;1;8;32;30;31;2;26.32;2.616;17;0;11;0;0;4;2;3;3;2;0
8;37;32;44;5;8;32;30;31;2;26.32;2.616;21;0;11;0;0;4;2;3;3;2;0
3;30;22;30;12;8;32;27;22;2;26.32;2.616;12;0;12;0;0;4;2;3;3;2;0
3;30;22;30;8;8;32;27;22;2;26.32;2.616;8;0;12;0;0;4;2;3;3;2;0
3;30;22;30;1;8;32;27;22;2;26.32;2.616;1;0;12;0;0;4;2;3;3;2;0
11;33;30;31;6;21;61;31;28;-11;16;2.98;6;0;1;0;0;5;5;2;2;2;0
11;33;30;31;6;20;51;34;32;-30;19;2.95;26;1;1;0;0;5;4;1;2;2;0
13;36;31;30;23;1;44;29;30;1;27.7;2.568;8;0;1;0;0;1;3;3;3;1;1
7;31;31;44;19;8;37;32;30;-20;19;2.67;15;0;1;0;0;4;3;2;2;2;0
7;31;31;44;19;6;30;34;28;-10;20;2.76;28;1;1;0;0;4;2;3;2;2;0
8;45;27;32;30;23;53;34;25;0;25;2.68;13;0;1;0;1;5;4;3;2;2;0
8;45;27;32;30;1;35;32;70;12;14.9;2.59;26;1;1;0;0;1;2;4;1;1;0
8;45;27;32;30;23;53;34;25;0;25;2.68;13;0;1;0;1;5;4;3;2;2;0
8;45;27;32;30;1;35;32;70;12;14.9;2.59;26;1;1;0;0;1;2;4;1;1;0
14;43;27;32;31;14;59;33;30;1;16;2.8;32;1;1;0;1;4;5;3;2;2;0
14;43;27;32;31;1;32;30;30;-5;18;2.6;29;1;1;0;0;1;2;3;2;1;0
14;41;48;33;27;14;40;38;48;-4;26;2.65;27;1;1;0;0;4;3;3;3;2;0
19;44;30;31;26;9;30;30;29;-2;21;2.5;34;1;1;0;0;4;2;3;2;1;0
19;44;30;31;26;15;40;29;27;-4;22;2.9;21;1;1;0;0;4;3;3;2;2;0
22;56;28;34;3;21;42;31;28;-29;19;2.85;14;0;1;0;0;5;3;2;2;2;0
22;56;28;34;3;21;61;31;28;-11;16;2.98;15;0;1;0;0;5;5;2;2;2;0
22;56;28;34;3;2;23;30;30;-5;14;2.55;3;0;1;0;0;2;1;3;1;1;0
19;44;30;31;27;4;41;41;30;-27;28;2.9;27;0;1;0;0;3;3;2;3;2;0
19;44;30;31;27;3;34;45;34;-10;20;2.5;18;0;1;0;0;2;2;3;2;1;1
14;41;48;33;28;14;40;38;48;-4;26;2.65;28;1;1;0;0;4;3;3;3;2;0
14;38;31;34;32;19;41;28;31;-9;27;3;23;0;1;0;0;5;3;3;3;2;0
14;38;31;34;32;8;33;31;29;-7;20;2.7;2;0;1;0;0;4;2;3;2;2;0
2;31;33;44;4;1;41;30;31;-5;25;2.8;18;0;1;0;0;1;3;3;2;2;0
23;58;30;34;4;20;51;34;30;-30;19;2.95;17;0;1;0;0;5;4;1;2;2;0
23;58;30;34;4;2;23;30;30;-5;14;2.55;4;0;1;0;0;2;1;3;1;1;0
13;47;30;40;28;3;41;29;30;-27;27;2.75;20;0;1;0;0;2;3;2;3;2;0
13;47;30;40;29;3;34;52;60;-10;24;2.5;18;0;1;0;0;2;2;3;2;1;0
4;38;30;32;30;10;42;29;31;6;22;2.8;20;0;1;0;0;4;3;3;2;2;0
4;39;30;29;30;9;33;34;27;-5;21;2.5;1;0;1;0;0;4;2;3;2;1;1
23;58;30;34;5;21;42;31;28;-29;19;2.85;16;0;1;0;0;5;3;2;2;2;0
23;58;30;34;5;18;40;34;29;-9;28;3.01;22;0;1;0;0;5;3;3;3;2;0
13;36;30;25;1;12;34;29;28;1;28;2.8;8;0;1;0;0;4;2;3;3;2;0
1;30;31;33;2;14;34;42;30;-3;26;2.9;2;0;1;0;0;4;2;3;3;2;0
1;30;31;33;2;12;36;30;32;-6;21;2.5;7;0;1;0;0;4;3;3;2;1;0
1;30;31;33;2;8;35;30;26;-19;20;2.5;24;0;1;0;0;4;2;2;2;1;1
1;30;31;33;2;6;33;27;25;-6;23;2.5;5;0;1;0;0;4;2;3;2;1;0
1;30;31;33;3;13;35;30;27;-7;21;2.5;2;0;1;0;0;4;2;3;2;1;0
15;40;31;40;3;22;51;37;55;-24;25.5;2.77;8;0;1;0;0;5;4;2;3;2;0
13;36;30;25;2;13;45;30;28;-6;21;2.5;22;0;1;0;0;4;3;3;2;1;0
18;41;31;29;10;13;35;23;32;-7;20;2.4;3;0;1;0;0;4;2;3;2;1;0
8;38;30;31;11;13;30;34;32;-21;24;2.77;9;0;1;0;0;4;2;2;2;2;0
8;38;30;31;12;17;39;40;31;-30;25;2.66;4;0;1;1;1;5;3;1;2;2;0
12;51;37;48;1;10;38;45;31;1;26;2.6;1;0;1;0;0;4;3;3;3;1;0
20;44;29;32;17;12;33;44;53;8;27.7;2.428;14;0;1;0;0;4;2;3;3;1;0
23;58;30;34;17;23;53;45;34;-28;24;3.08;28;1;1;0;0;5;4;2;2;2;0
23;58;30;34;17;6;30;34;28;-10;20;2.76;28;1;1;0;0;4;2;3;2;2;0
15;39;32;67;40;3;33;33;28;-26;16;2.4;15;0;1;0;0;2;2;2;2;1;0
18;41;31;29;18;9;33;40;32;-5;20;1.9;12;0;1;0;0;4;2;3;2;1;0
18;41;31;29;18;17;41;22;35;9;26;2.9;6;0;1;0;0;5;3;3;3;2;0
22;56;28;34;18;23;57;34;30;-24;20;2.88;18;0;1;0;0;5;5;2;2;2;0
22;56;28;34;18;11;39;30;32;-28;24;2.67;11;0;1;0;0;4;3;2;2;2;0
20;44;29;32;20;8;49;31;59;-51;24.7;2.616;3;0;1;0;0;4;4;1;2;2;1
2;31;33;44;19;14;50;32;30;9;25;2.6;5;0;1;0;0;4;4;3;2;1;0
15;41;38;32;10;13;34;44;32;-3;26;2.8;13;0;1;0;0;4;2;3;3;2;0
12;51;37;48;15;21;58;44;41;-1;30;3.5;11;0;2;0;0;5;5;3;3;3;0
12;51;37;48;15;10;38;45;31;1;26;2.6;14;0;2;0;0;4;3;3;3;1;0
12;51;37;48;15;11;36;37;46;-6;26;2.5;28;1;2;1;0;4;3;3;3;1;0
18;41;31;29;28;12;34;29;30;1;26;2.8;29;1;2;0;0;4;2;3;3;2;0
18;41;31;29;28;9;33;40;32;-5;20;1.9;18;0;2;0;0;4;2;3;2;1;0
1;30;31;33;23;13;35;34;28;-7;21;2.5;22;0;2;0;0;4;2;3;2;1;0
2;31;33;44;29;14;38;30;30;5;15;2.6;11;0;2;0;0;4;3;3;1;1;0
8;38;30;31;30;16;57;29;27;-43;25.5;2.88;27;1;2;0;0;5;5;1;3;2;0
23;58;30;34;29;3;33;36;32;12;21;2.58;21;0;2;0;0;2;2;4;2;1;0
23;58;30;34;29;1;21;30;30;-2;14;2.54;2;0;2;0;0;1;1;3;1;1;0
20;44;29;32;30;12;34;44;53;8;27.7;2.428;26;1;2;0;0;4;2;3;3;1;0
13;36;30;25;18;14;34;42;30;-3;26;2.9;23;0;2;0;0;4;2;3;3;2;0
13;36;30;25;18;10;38;44;34;1;22;2.9;14;0;2;0;0;4;3;3;2;2;1
22;56;28;34;31;14;34;33;28;2;20;2.75;30;1;2;0;0;4;2;3;2;2;0
22;56;28;34;31;3;33;36;32;12;21;2.58;23;0;2;0;0;2;2;4;2;1;0
14;38;25;29;1;10;38;43;30;1;26;2.6;18;0;2;0;0;4;3;3;3;1;0
2;30;33;44;36;3;43;43;32;-5;18;2.8;20;1;2;0;0;2;3;3;2;2;0
15;41;38;32;28;11;33;31;30;2;26;2.8;30;1;2;0;0;4;2;3;3;2;0
15;41;38;32;28;9;33;40;32;-5;20;1.9;30;1;2;0;0;4;2;3;2;1;0
15;39;32;67;40;9;33;40;32;-5;20;1.9;30;1;2;0;0;4;2;3;2;1;1
7;31;31;44;7;2;23;30;29;-5;14;2.55;30;1;2;0;0;2;1;3;1;1;0
4;38;27;31;4;14;34;42;30;-3;26;2.9;31;0;2;0;0;4;2;3;3;2;0
4;39;31;37;27;1;22;29;33;3;21;2.4;6;0;2;0;0;1;1;3;2;1;0
4;39;31;37;30;12;33;28;48;2;23;2.7;12;0;2;0;0;4;2;3;2;2;0
14;43;41;46;2;14;52;21;26;-8;15;2.6;2;0;2;0;1;4;4;3;1;1;1
14;38;25;29;17;21;56;43;46;-13;26.5;2.8;2;0;2;0;0;5;5;2;3;2;0
7;31;31;44;19;2;23;30;29;-5;14;2.55;3;0;2;0;0;2;1;3;1;1;0
4;38;27;31;16;1;22;29;33;3;21;2.4;15;0;2;0;0;1;1;3;2;1;0
15;39;32;67;60;8;30;40;29;-20;17;2.8;18;0;3;0;0;4;2;2;2;2;0
14;38;25;29;27;6;30;30;28;1;26;2.8;1;0;3;0;0;4;2;3;3;2;1
12;51;37;48;45;6;31;54;31;-19;24;2.6;52;1;3;0;0;4;2;2;2;1;0
4;38;27;31;25;7;35;45;29;-8;20;2.8;38;1;3;0;1;4;2;3;2;2;0
14;43;41;46;15;14;52;21;26;-8;15;2.6;18;0;3;1;0;4;4;3;1;1;1
14;43;41;46;15;1;41;30;31;-5;25;2.6;16;0;3;0;0;1;3;3;2;1;1
13;47;45;46;2;7;36;31;45;-19;23;2.45;3;0;3;0;0;4;3;2;2;1;0
8;45;28;47;37;11;35;34;61;1;25.6;2.77;33;1;3;0;0;4;2;3;3;2;0
7;31;31;44;34;20;51;34;36;-30;19;2.95;22;0;3;0;0;5;4;1;2;2;0
14;43;41;46;20;5;30;27;60;4;25;2.6;1;0;3;0;0;3;2;3;2;1;0
23;58;33;29;1;20;58;31;35;-25;24;3.09;12;0;3;0;0;5;5;2;2;2;0
23;58;33;29;1;3;33;34;30;1;20;2.88;7;0;3;0;0;2;2;3;2;2;0
18;41;29;29;8;4;30;32;48;-1;26;29;2;0;3;0;0;3;2;3;3;4;0
13;36;31;44;40;31;58;27;46;-6;27.7;2.833;22;0;3;0;0;6;5;3;3;2;1
21;44;30;40;13;11;38;44;54;-5;20;1.9;9;0;3;0;0;4;3;3;2;1;0
13;47;45;46;9;11;38;46;58;4;26;2.7;9;0;3;0;0;4;3;3;3;2;0
1;30;23;33;8;10;30;27;40;-7;26;2.5;23;0;3;0;0;4;2;3;3;1;0
7;31;31;44;38;21;61;40;42;-11;16;2.98;3;0;3;0;0;5;5;2;2;2;0
23;58;33;29;3;11;40;31;33;-28;24;2.67;15;0;3;0;0;4;3;2;2;2;0
13;36;31;44;41;1;44;42;47;1;27.7;2.568;6;0;3;0;0;1;3;3;3;1;1
13;47;45;46;9;21;56;45;46;-13;26.5;2.8;23;0;3;0;0;5;5;2;3;2;0
13;36;35;31;3;10;30;27;40;-7;26;2.5;23;0;3;0;0;4;2;3;3;1;0
13;36;35;31;3;8;33;29;27;-7;20;2.5;8;0;3;0;0;4;2;3;2;1;0
7;31;31;44;38;20;51;34;36;-30;19;2.95;26;1;3;0;0;5;4;1;2;2;0
7;31;31;44;38;2;35;30;30;12;20;2.77;21;0;3;0;0;2;2;4;2;2;0
14;41;54;48;9;11;38;46;58;4;26;2.7;10;0;3;0;0;4;3;3;3;2;0
11;33;30;31;4;20;51;32;43;-30;19;2.95;26;1;3;0;0;5;4;1;2;2;0
13;47;45;46;10;8;30;42;29;-2;23.5;2.5;34;1;3;0;0;4;2;3;2;1;0
7;31;31;44;39;8;37;32;30;-20;19;2.67;15;0;3;0;0;4;3;2;2;2;0
7;31;31;44;39;2;23;30;30;-5;14;2.55;28;1;3;0;0;2;1;3;1;1;0
14;43;41;46;26;5;30;27;60;4;25;2.6;5;0;3;0;0;3;2;3;2;1;1
14;43;41;46;26;1;32;40;66;-5;25;2.6;5;0;3;0;0;1;2;3;2;1;1
11;33;47;31;5;21;61;40;29;-11;16;2.98;5;0;3;0;0;5;5;2;2;2;0
7;31;31;44;38;21;42;31;28;-29;19;2.85;14;0;3;0;0;5;3;2;2;2;0
19;44;51;40;13;4;30;38;51;-1;23;2.7;6;0;3;0;0;3;2;3;2;2;0
19;44;51;40;13;8;33;29;27;-7;20;2.5;10;0;3;0;0;4;2;3;2;1;1
14;41;54;48;10;10;42;38;31;6;27;2.7;34;1;3;0;0;4;3;3;3;2;0
19;44;51;40;14;22;51;30;23;-24;30;2.7;12;0;3;0;0;5;4;2;3;2;0
19;44;51;40;14;4;29;27;31;-23;24;2.5;26;0;3;0;0;3;2;2;2;1;0
8;45;28;47;44;1;35;33;62;12;14.9;2.59;9;0;3;0;0;1;2;4;1;1;0
18;41;29;29;14;19;41;38;51;-9;27;3;16;0;3;0;0;5;3;3;3;2;0
21;44;30;40;22;11;38;44;54;-5;20;1.9;18;0;3;0;0;4;3;3;2;1;0
19;44;51;40;20;22;51;30;23;-24;30;2.7;18;0;3;0;0;5;4;2;3;2;0
19;44;51;40;20;15;43;31;48;-21;23;2.8;1;0;3;0;0;4;3;2;2;2;0
22;56;41;47;4;14;34;32;28;2;20;2.75;1;0;3;0;0;4;2;3;2;2;0
22;56;41;47;4;3;33;34;32;12;21;2.58;1;0;3;0;0;2;2;4;2;1;0
13;47;45;46;19;7;36;31;45;-19;23;2.45;20;0;3;1;0;4;3;2;2;1;0
20;44;41;32;6;8;49;34;27;-51;24.7;2.616;4;0;3;0;0;4;4;1;2;2;0
8;38;44;46;6;23;57;29;33;-24;27;2.81;15;0;3;0;0;5;5;2;3;2;0
22;56;41;47;6;12;55;31;33;-40;19;2.87;21;0;3;0;0;4;4;1;2;2;0
20;44;41;32;7;1;44;42;47;1;27.7;2.568;17;0;3;0;0;1;3;3;3;1;0
20;44;41;32;8;1;44;42;47;1;27.7;2.568;18;0;3;0;0;1;3;3;3;1;0
8;38;44;46;10;13;30;31;48;-21;24;2.77;6;0;4;0;0;4;2;2;2;2;0
22;56;41;47;9;3;33;34;32;12;21;2.58;5;0;4;0;0;2;2;4;2;1;0
22;56;41;47;9;2;23;30;30;-5;14;2.55;6;0;4;0;0;2;1;3;1;1;0
15;40;29;24;9;22;51;31;23;-24;25.5;2.77;24;0;4;0;0;5;4;2;3;2;0
21;44;30;40;26;2;42;32;76;-13;15;2.4;13;0;4;0;0;2;3;2;1;1;1
11;33;47;31;18;21;42;29;30;-29;19;2.85;9;0;4;0;0;5;3;2;2;2;0
8;38;44;46;11;2;35;32;28;-13;14.88;2.62;6;0;4;0;0;2;2;2;1;2;0
15;40;29;24;10;2;35;32;28;-13;14.88;2.62;6;0;4;0;0;2;2;2;1;2;0
8;38;44;46;11;1;35;33;62;12;14.9;2.59;20;0;4;0;0;1;2;4;1;1;0
15;40;29;24;10;1;35;33;62;12;14.9;2.59;20;0;4;0;0;1;2;4;1;1;0
13;36;35;31;19;6;38;33;60;-3;23;2.5;23;0;4;0;0;4;3;3;2;1;0
13;36;35;31;19;21;56;43;32;-13;22;2.9;34;1;4;0;0;5;5;2;2;2;0
13;36;35;31;19;8;35;29;45;-19;20;2.5;26;1;4;0;0;4;2;2;2;1;0
14;43;41;46;43;5;30;27;60;4;25;2.6;22;1;4;0;0;3;2;3;2;1;1
13;47;45;46;27;7;36;31;45;-19;23;2.45;28;1;4;0;0;4;3;2;2;1;0
8;38;44;46;15;13;30;31;48;-21;24;2.77;11;0;4;0;0;4;2;2;2;2;0
22;56;41;47;14;13;30;34;32;-21;20;2.77;9;0;4;0;0;4;2;2;2;2;0
18;41;29;29;28;4;30;32;48;-1;26;2.9;23;0;4;0;0;3;2;3;3;2;0
18;41;29;29;28;8;33;29;27;-7;20;2.7;27;0;4;0;0;4;2;3;2;2;0
1;30;23;33;28;4;30;38;51;-1;23;2.7;24;0;4;0;0;3;2;3;2;2;0
13;36;35;31;24;4;30;38;51;-1;23;2.7;25;0;4;0;0;3;2;3;2;2;0
13;36;35;31;24;2;28;32;68;6;20;2.4;32;1;4;0;0;2;2;3;2;1;0
22;56;41;47;16;2;23;30;30;-5;14;2.55;13;0;4;0;0;2;1;3;1;1;0
23;58;33;29;25;14;34;32;30;2;20;2.75;18;0;4;0;0;4;2;3;2;2;0
23;58;33;29;25;3;33;34;30;12;21;2.58;2;0;4;0;0;2;2;4;2;1;0
20;44;41;32;18;1;44;42;47;1;27.7;2.568;29;1;4;0;0;1;3;3;3;1;0
22;56;41;47;6;14;34;32;30;2;20;2.75;18;0;4;0;0;4;2;3;2;2;0
8;38;44;46;19;14;34;32;43;2;17;2.74;15;0;4;0;0;4;2;3;2;2;0
20;44;41;32;18;8;49;34;27;-51;24.7;2.616;17;0;4;0;0;4;4;1;2;2;0
13;36;35;31;26;6;38;33;60;-3;23;2.5;30;1;4;0;0;4;3;3;2;1;0
13;36;35;31;26;12;35;28;60;1;28;2.8;2;0;4;0;0;4;2;3;3;2;0
23;58;33;29;26;14;34;32;30;2;20;2.75;19;0;4;0;0;4;2;3;2;2;0
22;56;41;47;18;14;34;32;30;2;20;2.75;19;0;4;0;0;4;2;3;2;2;0
14;41;54;48;33;10;39;30;30;1;26;2.6;4;0;4;0;0;4;3;3;3;1;0
11;33;47;31;29;21;42;29;31;-29;19;2.85;16;0;4;0;0;5;3;2;2;2;0
4;38;27;29;3;1;22;29;26;3;21;2.4;3;0;4;0;0;1;1;3;2;1;0
14;41;54;48;35;3;35;35;51;-10;24.5;2.5;7;0;4;0;0;2;2;3;2;1;0
22;56;41;47;23;2;23;30;30;-5;14;2.55;20;0;4;0;0;2;1;3;1;1;0
8;38;44;46;24;2;23;32;29;-5;14;2.45;2;0;4;0;0;2;1;3;1;1;0
14;38;29;28;6;0;33;27;30;2;26;2.8;4;0;4;0;0;1;2;3;3;2;0
22;56;41;47;23;2;23;30;30;-5;14;2.55;30;1;4;0;0;2;1;3;1;1;0
8;38;44;46;24;23;55;31;28;-30;26;2.81;8;0;4;0;0;5;4;1;3;2;0
22;56;41;47;24;20;51;34;32;-30;19;2.95;10;0;4;0;0;5;4;1;2;2;0
14;38;29;28;8;23;49;24;31;-9;26;2.78;2;0;4;0;0;5;4;3;3;2;0
15;41;25;29;27;11;38;44;54;-5;20;1.9;39;1;4;0;0;4;3;3;2;1;0
13;47;45;46;28;11;36;30;60;-6;26;2.5;3;0;4;0;0;4;3;3;3;1;0
12;51;35;32;5;21;58;43;39;-1;30;3.5;5;0;4;0;0;5;5;3;3;3;0
20;44;41;32;28;8;49;34;27;-51;24.7;2.616;27;1;4;0;0;4;4;1;2;2;0
20;44;41;32;28;1;44;42;47;1;27.7;2.568;38;1;4;0;0;1;3;3;3;1;0
8;38;44;46;31;13;30;31;48;-21;24;2.77;27;1;4;0;0;4;2;2;2;2;0
15;39;31;32;9;11;30;31;48;-21;21;2.7;27;1;4;0;0;4;2;2;2;2;1
22;56;41;47;32;20;52;34;32;-30;19;2.8;17;0;4;0;0;5;4;1;2;2;0
2;31;35;43;15;14;59;33;28;1;16;2.7;15;0;4;0;0;4;5;3;2;2;1
15;39;31;32;10;20;59;33;26;1;24;3;16;0;4;1;0;5;5;3;2;2;1
4;38;27;29;13;6;33;27;57;-6;23;2.5;18;0;4;0;0;4;2;3;2;1;0
2;31;35;43;19;14;47;33;37;-19;18;2.9;5;0;4;0;0;4;4;2;2;2;0
13;36;31;30;4;14;61;28;31;1;29.4;2.905;17;0;4;0;0;4;5;3;3;2;0
2;31;35;43;21;1;41;29;29;-5;25;0.9;4;0;4;0;0;1;3;3;2;1;0
14;38;29;28;20;0;33;27;30;2;26;2.8;17;0;4;0;0;1;2;3;3;2;1
14;38;29;28;21;23;49;24;31;-9;26;2.78;16;0;5;1;0;5;4;3;3;2;0
2;31;35;43;24;14;59;33;28;1;20;2.8;25;0;5;0;1;4;5;3;2;2;0
8;38;44;46;41;23;55;31;28;-30;26;2.81;24;0;5;0;0;5;4;1;3;2;0
22;56;41;47;40;6;30;34;28;-10;20;2.76;11;0;5;0;0;4;2;3;2;2;0
8;38;44;46;42;23;55;31;28;-30;26;2.81;25;1;5;1;0;5;4;1;3;2;0
15;39;31;32;20;22;54;31;28;-30;26;2.81;25;0;5;1;0;5;4;1;3;2;1
2;31;35;43;25;14;47;33;37;-19;19;2.7;11;0;5;0;1;4;4;2;2;2;0
15;39;31;32;20;13;47;33;37;-19;15;2.6;11;0;5;0;0;4;4;2;1;1;0
2;31;35;43;25;14;59;33;28;1;20;2.6;26;0;5;0;0;4;5;3;2;1;0
15;39;31;32;20;20;59;33;26;1;24;3;23;0;5;0;0;5;5;3;2;2;0
12;51;35;32;22;21;58;43;39;-1;30;3.5;22;0;5;0;0;5;5;3;3;3;0
15;39;31;32;23;21;58;41;35;-1;27;3.8;21;0;5;0;0;5;5;3;3;4;0
22;56;41;47;45;3;33;34;30;1;20;2.88;31;1;5;0;0;2;2;3;2;2;0
2;31;35;43;29;14;59;33;28;1;21;2.8;30;0;5;0;0;4;5;3;2;2;0
14;38;29;28;27;1;22;29;26;3;17;2.5;26;1;5;0;0;1;1;3;2;1;1
4;38;27;29;27;1;22;29;26;3;21;2.4;27;1;5;0;0;1;1;3;2;1;0
14;38;29;28;27;0;33;27;30;2;26;2.8;25;0;5;0;0;1;2;3;3;2;1
4;38;27;29;27;12;33;27;30;2;23;2.7;27;1;5;0;0;4;2;3;2;2;0
14;38;29;28;28;23;49;24;30;-9;26;2.78;24;0;5;0;0;5;4;3;3;2;0
14;38;29;28;28;23;49;24;30;-9;26;2.78;24;0;5;0;0;5;4;3;3;2;0
7;31;46;31;1;14;34;32;32;2;20;2.75;19;0;5;0;0;4;2;3;2;2;0
23;58;25;34;2;14;34;32;30;2;20;2.75;19;0;5;0;0;4;2;3;2;2;0
23;58;25;34;2;2;23;30;30;-5;14;2.55;15;0;5;0;0;2;1;3;1;1;0
1;30;28;33;4;9;33;33;55;-5;21;2.5;33;1;5;0;0;4;2;3;2;1;0
12;51;35;32;30;13;35;40;70;-3;27;2.9;7;0;5;0;0;4;2;3;3;2;0
2;31;35;43;37;14;47;33;37;-19;20;3;23;0;5;0;0;4;4;2;2;2;0
8;45;43;34;9;1;35;33;28;12;14.9;2.59;1;0;5;0;0;1;2;4;1;1;0
21;44;28;31;1;2;40;31;28;12;14;2.4;1;0;5;0;0;2;3;4;1;1;0
7;31;46;31;6;14;34;32;30;2;20;2.75;24;0;5;0;0;4;2;3;2;2;0
18;41;30;29;8;14;35;40;70;-3;26;2.8;6;0;5;0;0;4;2;3;3;2;0
18;41;30;29;8;24;58;41;35;-1;27;3.8;32;1;5;0;0;5;5;3;3;4;0
23;58;25;34;8;12;55;30;32;-40;19;2.87;10;0;5;0;0;4;4;1;2;2;0
23;58;25;34;8;3;33;34;30;1;20;2.88;23;0;5;0;0;2;2;3;2;2;0
13;36;30;31;1;8;33;31;30;-7;20;2.5;6;0;5;0;0;4;2;3;2;1;0
15;40;30;31;3;13;50;31;30;-30;25.1;2.66;8;0;5;0;0;4;4;1;3;2;0
21;44;28;31;3;2;40;31;28;12;14;2.4;3;0;5;0;0;2;3;4;1;1;0
8;45;43;34;11;1;35;33;28;12;14.9;2.59;3;0;5;0;0;1;2;4;1;1;0
13;47;21;31;3;21;58;43;39;-1;30;3.5;34;1;5;0;0;5;5;3;3;3;0
21;44;28;31;4;24;59;41;35;-1;26;3.7;34;1;5;0;0;5;5;3;3;4;0
13;47;21;31;3;7;36;46;30;-19;23;2.45;10;0;5;0;0;4;3;2;2;1;0
21;44;28;31;4;7;36;29;45;-19;16;2.4;10;0;5;0;0;4;3;2;2;1;0
13;36;31;30;23;8;34;34;31;-29;27.7;2.373;28;1;5;0;0;4;2;2;3;1;0
19;44;28;33;6;13;45;31;46;-6;21;2.5;10;0;5;0;0;4;3;3;2;1;0
13;36;31;30;25;8;34;34;31;-29;27.7;2.373;30;1;5;0;0;4;2;2;3;1;0
13;36;31;30;25;20;56;30;70;-6;27.7;2.804;14;0;5;0;0;5;5;3;3;2;0
14;43;41;32;2;5;30;31;33;4;25;2.6;10;0;5;0;0;3;2;3;2;1;1
18;41;30;29;17;4;41;29;29;-27;28;2.8;16;0;5;0;0;3;3;2;3;2;0
13;36;30;31;11;2;28;29;30;6;20;2.4;16;0;5;0;0;2;2;3;2;1;0
1;30;28;33;17;9;37;44;44;-4;23;2.5;33;1;5;0;0;4;3;3;2;1;0
13;47;21;31;13;3;29;46;80;-19;24;2.6;4;0;5;0;0;2;2;2;2;1;0
19;44;28;33;16;19;43;28;31;-4;22;2.8;4;0;5;0;0;5;3;3;2;2;0
15;40;30;31;16;23;53;30;62;0;25;2.68;4;0;5;0;0;5;4;3;2;2;0
13;47;21;31;15;7;36;46;30;-19;23;2.45;22;0;5;0;0;4;3;2;2;1;0
21;44;28;31;16;7;36;29;45;-19;16;2.4;22;0;5;0;0;4;3;2;2;1;0
20;44;27;32;9;15;38;29;45;-7;24.7;2.446;7;0;5;0;0;4;3;3;2;1;0
4;38;30;29;3;1;22;29;26;3;21;2.4;1;0;6;0;0;1;1;3;2;1;0
7;31;46;31;25;14;34;32;30;2;20;2.75;12;0;6;0;0;4;2;3;2;2;0
23;58;25;34;29;18;41;33;28;-9;28;3.01;22;0;6;0;0;5;3;3;3;2;0
1;30;28;33;26;19;43;28;31;-4;22;2.8;10;0;6;0;0;5;3;3;2;2;0
18;41;30;29;28;19;43;28;31;-4;27;2.9;11;0;6;0;0;5;3;3;3;2;0
20;44;27;32;15;8;49;34;25;-51;24.7;2.616;13;0;6;0;0;4;4;1;2;2;0
15;40;30;31;23;13;30;33;37;-21;24;2.77;3;0;6;0;0;4;2;2;2;2;0
20;44;27;32;17;15;38;29;45;-7;24.7;2.446;15;0;6;0;0;4;3;3;2;1;0
8;45;43;34;33;1;35;33;28;12;14.9;2.59;26;1;6;1;0;1;2;4;1;1;0
21;44;28;31;25;2;40;31;28;12;14;2.4;23;0;6;0;0;2;3;4;1;1;0
11;33;52;37;2;14;34;31;30;2;20;2.75;19;0;6;0;0;4;2;3;2;2;0
19;44;28;33;27;14;35;38;70;-3;26;2.9;34;1;6;0;0;4;2;3;3;2;0
19;44;28;33;27;7;35;42;61;-8;20;2.8;30;1;6;0;0;4;2;3;2;2;0
19;44;28;33;27;13;45;31;46;-6;21;2.5;31;1;6;0;0;4;3;3;2;1;0
19;44;28;33;27;14;35;42;61;-3;26;2.9;34;1;6;0;0;4;2;3;3;2;0
19;44;28;33;27;7;35;31;46;-8;20;2.8;30;1;6;0;0;4;2;3;2;2;1
19;44;28;33;27;13;45;31;46;-6;21;2.5;31;1;6;0;0;4;3;3;2;1;0
13;47;21;31;26;7;36;46;30;-19;23;2.45;33;1;6;0;0;4;3;2;2;1;0
21;44;28;31;27;7;36;29;45;-19;16;2.4;32;1;6;0;0;4;3;2;2;1;0
14;43;41;32;18;5;30;31;33;4;25;2.6;27;1;6;0;0;3;2;3;2;1;1
8;38;31;30;3;13;30;33;37;-21;24;2.77;6;0;6;0;0;4;2;2;2;2;0
14;38;29;30;3;0;33;29;32;2;26;2.8;1;0;6;0;0;1;2;3;3;2;0
22;56;28;33;5;3;34;33;32;1;20;2.88;4;0;6;0;0;2;2;3;2;2;0
14;43;41;32;21;5;30;31;33;4;25;2.6;30;1;6;0;0;3;2;3;2;1;0
14;43;41;32;21;5;30;31;33;4;25;2.6;30;1;6;0;0;3;2;3;2;1;0
15;40;30;31;30;2;35;32;29;-13;14.88;2.62;17;0;6;0;1;2;2;2;1;2;0
12;51;29;32;1;7;34;35;61;-8;26;2.65;35;1;6;0;0;4;2;3;3;2;0
12;51;29;32;1;3;29;46;80;-19;24;2.6;22;0;6;0;0;2;2;2;2;1;0
14;38;29;30;7;23;49;29;35;-9;26;2.78;1;0;6;0;0;5;4;3;3;2;0
15;39;27;33;3;23;49;29;35;-9;26;2.78;1;0;6;0;0;5;4;3;3;2;0
15;41;25;39;32;7;36;29;45;-19;16;2.4;40;1;6;1;0;4;3;2;2;1;0
20;44;27;32;27;15;38;29;45;-7;24.7;2.446;25;1;6;0;0;4;3;3;2;1;0
4;38;30;29;20;14;61;34;61;-8;23;2.5;10;0;6;0;0;4;5;3;2;1;0
15;41;25;39;35;13;61;34;61;-8;23;2.4;8;0;6;0;0;4;5;3;2;1;0
8;38;31;30;12;23;55;33;28;-30;26;2.81;12;0;6;0;0;5;4;1;3;2;0
20;44;27;32;30;8;49;34;25;-51;24.7;2.616;28;1;6;0;0;4;4;1;2;2;0
4;38;30;29;25;3;35;33;41;-10;20;2.5;2;0;6;0;0;2;2;3;2;1;0
13;36;31;30;2;8;49;34;25;-51;24.7;2.616;32;1;6;0;0;4;4;1;2;2;1
14;38;29;30;16;23;49;29;35;-9;26;2.78;14;0;6;0;0;5;4;3;3;2;0
13;36;31;30;3;14;61;28;31;1;29.4;2.905;16;0;6;0;0;4;5;3;3;2;1
13;36;31;30;3;12;34;30;46;8;27.7;2.428;16;0;6;0;0;4;2;3;3;1;1
13;36;31;30;4;16;37;28;31;-16;27.7;2.7;2;0;6;0;0;5;3;2;3;2;1
2;31;31;28;4;14;59;46;28;1;16;2.8;20;0;6;0;0;4;5;3;2;2;0
2;31;31;28;4;14;47;29;30;-19;17;2.8;1;0;6;0;0;4;4;2;2;2;0
14;38;29;30;17;0;33;29;32;2;26;2.8;16;0;6;1;0;1;2;3;3;2;0
8;38;31;30;20;13;30;33;37;-21;24;2.77;23;0;6;0;0;4;2;2;2;2;0
8;38;31;30;22;23;55;33;28;-30;26;2.81;22;0;6;0;0;5;4;1;3;2;0
22;56;28;33;22;18;41;33;28;-9;28;3.01;9;0;6;0;0;5;3;3;3;2;0
8;38;31;30;25;13;30;33;37;-21;24;2.77;28;1;7;0;0;4;2;2;2;2;0
22;56;28;33;27;18;41;33;28;-9;28;3.01;15;0;7;0;0;5;3;3;3;2;0
12;51;29;32;22;3;29;46;80;-19;24;2.6;43;1;7;0;0;2;2;2;2;1;0
8;38;31;30;29;23;55;33;28;-30;26;2.81;29;1;7;0;0;5;4;1;3;2;0
2;31;31;28;14;14;47;29;30;-19;18;2.6;11;0;7;0;0;4;4;2;2;1;0
4;38;30;29;29;9;33;31;37;-5;21;2.5;16;0;7;0;0;4;2;3;2;1;0
12;51;29;32;24;14;40;36;71;-4;26;2.65;1;0;7;0;0;4;3;3;3;2;0
14;38;29;30;29;0;33;29;32;2;26;2.8;27;0;7;0;0;1;2;3;3;2;0
7;31;30;31;1;14;34;31;28;2;20;2.75;28;1;7;0;0;4;2;3;2;2;0
14;38;29;30;30;23;49;29;35;-9;26;2.78;23;0;7;0;0;5;4;3;3;2;0
8;45;27;34;3;8;40;35;30;2;26;2.54;30;1;7;0;0;4;3;3;3;1;0
15;39;27;33;28;0;33;29;32;2;26;2.8;29;1;7;0;0;1;2;3;3;2;0
1;30;28;33;1;14;61;34;61;-8;23;2.6;32;1;7;0;0;4;5;3;2;1;0
2;31;31;28;19;14;59;46;28;1;19;2.7;35;0;7;0;0;4;5;3;2;2;0
1;30;28;33;3;8;33;31;30;-7;20;2.5;2;0;7;0;0;4;2;3;2;1;0
7;31;30;31;5;20;52;36;41;-30;19;2.95;7;0;7;0;0;5;4;1;2;2;0
2;31;31;28;22;14;44;27;32;-5;25;2.8;19;0;7;0;0;4;3;3;2;2;1
14;41;71;36;8;21;56;46;76;-13;26.5;2.8;21;0;7;0;0;5;5;2;3;2;0
7;31;30;31;7;8;37;33;30;-20;19;2.67;11;0;7;0;0;4;3;2;2;2;0
8;45;27;34;9;1;35;33;28;12;14.9;2.59;2;0;7;0;0;1;2;4;1;1;0
14;41;71;36;9;11;37;46;55;-6;26;2.5;7;0;7;0;0;4;3;3;3;1;0
13;47;30;31;1;21;58;44;48;-1;30;3.5;2;0;7;0;0;5;5;3;3;3;0
8;45;27;34;10;14;47;30;31;-9;25;2.75;22;0;7;0;0;4;4;3;2;2;0
13;47;30;31;2;21;56;48;76;-13;26.5;2.9;23;0;7;0;0;5;5;2;3;2;0
2;31;31;28;25;14;47;29;30;-19;20;3;22;0;7;0;0;4;4;2;2;2;0
2;31;31;28;25;14;59;46;28;1;22;2.7;41;1;7;0;0;4;5;3;2;2;0
1;30;28;33;8;12;35;44;46;1;28;2.8;25;1;7;1;0;4;2;3;3;2;0
13;36;30;31;3;12;35;44;46;1;28;2.8;25;1;7;1;0;4;2;3;3;2;0
13;36;30;31;3;9;33;31;37;-5;21;2.5;26;0;7;0;0;4;2;3;2;1;0
13;36;31;30;27;31;59;44;46;-6;27.7;3.05;10;0;7;0;0;6;5;3;3;2;1
18;41;29;29;11;16;37;28;31;-16;14;2.5;28;1;6;0;0;5;3;2;1;1;0
14;41;71;36;13;11;35;46;46;1;26;2.6;27;1;7;0;0;4;2;3;3;1;0
2;30;31;28;27;3;44;42;64;-5;24;2.7;7;0;7;0;0;2;3;3;2;2;1
1;34;32;42;9;2;29;29;30;6;20;2.4;10;0;7;0;0;2;2;3;2;1;0
7;31;30;31;11;21;43;31;29;-29;19;2.85;9;0;7;0;0;5;3;2;2;2;0
7;31;30;31;11;21;43;31;28;-29;19;2.85;9;0;7;0;0;5;3;2;2;2;0
13;36;30;31;7;12;35;44;46;1;28;2.8;29;1;7;0;0;4;2;3;3;2;0
13;36;30;31;7;3;35;33;41;-10;20;2.5;30;1;7;0;0;2;2;3;2;1;0
20;44;27;32;2;15;38;29;30;-7;24.7;2.446;1;0;7;0;0;4;3;3;2;1;0
13;47;30;31;10;7;36;31;30;-19;23;2.45;2;0;7;0;0;4;3;2;2;1;0
20;44;27;32;3;1;44;29;76;1;27.7;2.568;15;0;7;0;0;1;3;3;3;1;0
20;44;27;32;4;15;38;29;30;-7;24.7;2.446;2;0;7;0;0;4;3;3;2;1;0
14;43;27;32;4;5;30;34;37;4;25;2.6;4;0;7;0;0;3;2;3;2;1;0
18;41;29;29;16;31;57;44;76;0;26;2.7;22;0;7;0;0;6;5;3;3;2;0
20;44;27;32;5;31;59;44;46;-6;27.7;2.833;18;0;7;0;0;6;5;3;3;2;0
1;34;32;42;16;12;35;44;46;1;28;2.8;34;1;7;0;0;4;2;3;3;2;0
8;45;27;34;22;1;35;33;28;12;14.9;2.59;14;0;7;0;0;1;2;4;1;1;0
7;31;30;31;20;1;35;33;28;12;14.9;2.59;14;0;7;0;0;1;2;4;1;1;0
13;47;30;31;14;21;58;44;48;-1;30;3.5;15;0;7;0;0;5;5;3;3;3;0
8;45;27;34;24;16;57;46;55;-43;25.5;2.88;22;0;7;0;0;5;5;1;3;2;0
8;45;27;34;24;13;50;34;36;-30;25.1;2.66;15;0;7;0;0;4;4;1;3;2;0
14;43;27;32;8;14;38;30;30;5;15;2.6;5;0;7;0;0;4;3;3;1;1;0
21;44;28;42;17;12;35;44;46;1;26;2.8;40;1;7;0;0;4;2;3;3;2;0
14;43;27;32;9;5;30;34;37;4;25;2.6;13;0;8;0;0;3;2;3;2;1;1
14;43;27;32;9;1;32;28;31;-5;25;2.6;6;0;8;0;0;1;2;3;2;1;1
1;30;28;33;23;9;38;29;30;-4;23;2.5;24;0;8;0;0;4;3;3;2;1;0
7;31;30;31;24;20;52;36;41;-30;19;2.95;27;1;8;0;0;5;4;1;2;2;0
7;31;30;31;24;20;52;36;41;-30;19;2.95;27;1;8;0;0;5;4;1;2;2;0
7;31;30;31;24;8;37;33;30;-20;19;2.67;25;1;8;0;0;4;3;2;2;2;0
14;43;27;32;10;14;40;34;26;-9;15;2.6;26;1;8;0;0;4;3;3;1;1;0
18;42;30;31;25;4;42;29;30;-27;28;2.9;33;1;8;0;0;3;3;2;3;2;0
8;45;27;34;33;23;55;34;28;-30;26;2.81;1;0;8;0;0;5;4;1;3;2;0
8;45;27;34;33;1;35;33;28;12;14.9;2.59;26;1;8;0;0;1;2;4;1;1;0
22;56;28;36;1;12;55;30;32;-40;19;2.87;4;0;8;0;0;4;4;1;2;2;0
14;43;27;32;17;5;30;34;37;4;25;2.6;18;0;8;0;0;3;2;3;2;1;1
20;44;27;32;19;15;39;29;30;-7;24.7;2.446;17;0;8;0;0;4;3;3;2;1;0
1;34;32;42;31;13;36;29;30;-7;21;2.5;27;1;8;0;0;4;3;3;2;1;0
13;47;30;31;28;7;36;31;30;-19;23;2.45;21;0;8;0;0;4;3;2;2;1;0
22;56;28;36;4;14;35;33;32;2;20;2.75;1;0;8;0;0;4;2;3;2;2;0
14;38;29;43;7;0;33;30;30;2;26;2.8;5;0;8;0;0;1;2;3;3;2;0
8;38;31;30;10;23;55;34;28;-30;26;2.81;10;0;8;0;0;5;4;1;3;2;0
12;51;29;33;6;7;36;31;30;-19;23;2.45;28;1;8;0;0;4;3;2;2;1;0
12;51;29;33;6;21;58;44;48;-1;30;3.5;37;1;8;0;0;5;5;3;3;3;0
12;51;29;33;7;3;29;32;31;-19;24;2.6;12;0;8;0;0;2;2;2;2;1;0
2;31;31;29;3;14;59;42;22;1;18;3;14;0;8;0;0;4;5;3;2;2;0
14;38;29;43;17;23;49;29;40;-9;26;2.78;2;0;8;0;0;5;4;3;3;2;0
2;31;31;29;4;14;47;30;30;-19;19;2.8;1;0;8;0;0;4;4;2;2;2;0
14;38;29;43;19;0;33;30;30;2;26;2.8;18;0;8;0;0;1;2;3;3;2;0
4;38;34;32;7;1;22;28;106;3;21;2.4;3;0;8;0;0;1;1;3;2;1;0
22;56;28;36;22;14;35;33;32;2;20;2.75;19;0;8;0;0;4;2;3;2;2;0
14;38;29;43;21;0;33;30;30;2;26;2.8;20;0;8;0;0;1;2;3;3;2;0
23;58;65;33;17;20;52;33;30;-30;19;2.95;10;0;9;0;0;5;4;1;2;2;0
14;38;29;43;23;19;42;31;59;-9;27;3;19;0;8;0;0;5;3;3;3;2;1
14;38;29;43;23;23;49;29;40;-9;26;2.78;19;0;9;0;0;5;4;3;3;2;1
12;51;29;33;20;3;29;32;31;-19;24;2.6;25;0;9;0;0;2;2;2;2;1;0
2;31;31;29;14;14;59;42;22;1;15;2.7;23;1;9;0;0;4;5;3;1;2;0
15;40;61;27;22;6;52;32;30;12;14.9;2.79;11;0;9;0;0;4;4;4;1;2;0
12;51;29;33;26;3;29;32;31;-19;24;2.6;28;1;9;0;0;2;2;2;2;1;0
2;31;31;29;14;14;47;30;30;-19;21;2.6;11;0;9;0;0;4;4;2;2;1;0
15;40;61;27;24;14;47;31;31;-9;25;2.75;15;0;9;0;0;4;4;3;2;2;0
8;45;28;33;1;23;55;34;28;-30;26;2.81;33;1;9;0;0;5;4;1;3;2;0
2;31;31;29;17;14;47;30;30;-19;20;2.7;14;0;9;0;0;4;4;2;2;2;0
2;31;31;29;17;14;59;42;22;1;22;2.8;26;0;9;0;0;4;5;3;2;2;0
12;51;29;33;26;3;29;32;31;-19;24;2.6;28;1;9;0;0;2;2;2;2;1;0
7;31;31;30;1;14;35;33;29;2;20;2.75;1;0;9;0;0;4;2;3;2;2;0
14;38;29;43;33;19;42;31;59;-9;27;3;27;0;9;0;0;5;3;3;3;2;0
8;45;28;33;7;6;52;32;30;12;14.9;2.79;20;0;9;0;0;4;4;4;1;2;0
8;45;28;33;7;13;50;28;33;-30;25.1;2.66;2;0;9;0;0;4;4;1;3;2;0
14;38;29;43;34;1;22;28;106;3;17;2.5;18;0;9;0;0;1;1;3;2;1;0
23;58;65;33;29;8;38;32;30;-20;19;2.67;4;0;9;0;0;4;3;2;2;2;0
1;30;33;41;2;10;31;28;37;-7;26;2.5;1;0;9;0;0;4;2;3;3;1;0
8;45;28;33;10;13;50;28;33;-30;25.1;2.66;6;0;9;0;0;4;4;1;3;2;0
15;41;45;37;36;9;34;40;32;-5;20;1.9;22;0;9;0;0;4;2;3;2;1;0
14;41;33;26;3;21;56;43;33;-13;26.5;2.8;6;0;9;0;0;5;5;2;3;2;0
14;41;33;26;3;10;34;31;29;-9;25;2.6;7;0;9;0;0;4;2;3;2;1;0
1;30;33;41;3;2;29;37;28;6;20;2.4;10;0;9;0;0;2;2;3;2;1;0
2;31;31;29;26;1;41;30;36;-5;25;2.9;25;0;9;0;0;1;3;3;2;2;0
11;33;30;31;29;14;35;32;28;2;20;2.75;8;0;9;0;0;4;2;3;2;2;0
14;38;29;43;42;1;22;28;106;3;17;2.5;27;1;9;0;0;1;1;3;2;1;1
14;38;29;43;42;23;49;29;40;-9;26;2.78;27;1;9;0;0;5;4;3;3;2;1
11;33;30;31;30;21;62;31;28;-11;16;2.98;15;0;9;0;0;5;5;2;2;2;0
20;44;28;31;1;1;44;28;37;1;27.7;2.568;7;0;9;0;0;1;3;3;3;1;0
13;47;31;30;8;21;58;35;26;-1;30;3.5;1;0;9;0;0;5;5;3;3;3;0
14;41;33;26;9;21;57;43;33;-13;26.5;2.8;12;0;9;0;0;5;5;2;3;2;0
14;41;33;26;9;3;41;31;30;-27;27;2.75;18;0;9;0;0;2;3;2;3;2;0
14;43;27;32;5;5;30;29;30;4;25;2.6;2;0;9;0;0;3;2;3;2;1;1
7;31;31;30;21;0;21;45;42;0;14;2.54;15;0;9;0;0;1;1;3;1;1;0
14;43;27;32;12;5;30;29;30;4;25;2.6;7;0;10;0;0;3;2;3;2;1;0
21;44;26;33;11;5;30;29;29;-5;17;3;8;0;10;0;0;3;2;3;2;2;0
20;44;28;31;11;1;44;28;37;1;27.7;2.568;17;0;10;0;0;1;3;3;3;1;0
14;41;33;26;20;2;42;31;32;-13;26;2.65;8;0;10;0;0;2;3;2;3;2;0
14;41;33;26;20;3;41;31;27;-27;27;2.75;30;1;10;0;0;2;3;2;3;2;0
18;41;47;43;11;9;38;28;30;-4;21;2.7;17;0;7;1;0;4;3;3;2;2;0
7;31;31;30;26;14;35;33;29;2;20;2.75;11;0;10;0;0;4;2;3;2;2;0
20;44;28;31;13;1;44;28;37;1;27.7;2.568;19;0;10;0;0;1;3;3;3;1;0
7;31;31;30;25;14;35;33;29;2;20;2.75;10;0;10;0;0;4;2;3;2;2;0
1;30;33;41;23;2;29;37;28;6;20;2.4;30;1;10;0;0;2;2;3;2;1;0
13;47;31;30;22;21;58;35;26;-1;30;3.5;15;0;10;0;0;5;5;3;3;3;0
8;38;30;31;1;23;55;36;27;-30;26;2.81;1;0;10;0;0;5;4;1;3;2;0
21;44;26;33;16;22;54;34;27;-30;26;2.81;1;0;10;0;0;5;4;1;3;2;0
8;45;28;33;32;11;35;32;45;1;25.6;2.77;28;1;10;0;0;4;2;3;3;2;0
1;30;33;41;26;17;41;32;41;9;29;2.8;19;0;10;0;0;5;3;3;3;2;0
8;38;30;31;3;13;30;36;90;-21;24;2.77;5;0;10;0;0;4;2;2;2;2;0
21;44;26;33;18;11;30;34;80;-21;21;2.7;1;0;10;0;0;4;2;2;2;2;0
13;47;31;30;25;3;29;37;28;-19;24;2.6;1;0;10;0;0;2;2;2;2;1;0
13;36;55;31;3;17;41;32;41;9;29;2.8;21;0;10;0;0;5;3;3;3;2;0
13;36;55;31;3;6;38;28;40;-3;23;2.5;18;0;10;0;0;4;3;3;2;1;0
22;56;27;34;6;20;52;33;31;-30;19;2.95;3;0;10;0;0;5;4;1;2;2;0
8;38;30;31;7;23;55;36;27;-30;26;2.81;6;0;10;0;0;5;4;1;3;2;0
21;44;26;33;22;22;54;34;27;-30;26;2.81;7;0;10;0;0;5;4;1;3;2;0
13;36;55;31;6;8;34;32;32;-7;20;2.5;1;0;10;0;0;4;2;3;2;1;0
23;58;28;33;2;0;21;45;42;0;14;2.54;32;1;10;0;0;1;1;3;1;1;0
23;58;28;33;2;0;21;45;42;0;14;2.54;32;1;10;0;0;1;1;3;1;1;0
15;40;34;27;2;4;29;31;30;-23;25;2.5;8;0;10;0;0;3;2;2;2;1;0
18;41;47;43;26;19;43;27;51;-4;27;2.9;5;0;10;0;0;5;3;3;3;2;0
1;34;46;29;10;17;41;32;41;9;29;2.8;28;1;10;0;0;5;3;3;3;2;0
15;41;24;37;9;6;31;29;30;8;16;2.4;13;0;10;1;0;4;2;3;2;1;0
8;38;30;31;14;13;30;36;90;-21;24;2.77;16;0;10;0;0;4;2;2;2;2;0
21;44;26;33;29;11;30;34;80;-21;21;2.7;5;0;10;0;0;4;2;2;2;2;0
12;51;28;29;8;21;58;35;26;-1;30;3.5;30;1;10;0;0;5;5;3;3;3;0
12;51;28;29;9;3;29;37;28;-19;24;2.6;14;0;10;0;0;2;2;2;2;1;0
14;43;27;32;31;5;30;29;30;4;25;2.6;27;1;10;0;1;3;2;3;2;1;0
21;44;26;33;31;5;30;29;29;-5;17;3;28;1;10;1;0;3;2;3;2;2;1
19;44;31;36;2;14;35;34;45;-3;26;2.9;13;0;10;0;0;4;2;3;3;2;0
19;44;31;36;2;10;39;29;30;1;22;2.9;16;0;10;0;0;4;3;3;2;2;0
19;44;31;36;2;14;35;34;45;-3;26;2.9;13;0;10;0;0;4;2;3;3;2;0
19;44;31;36;2;10;39;29;30;1;22;2.9;16;0;10;0;0;4;3;3;2;2;0
15;39;27;41;1;13;61;44;39;-8;23;2.4;1;0;10;0;0;4;5;3;2;1;0
1;34;46;29;16;19;42;34;36;-9;27;2.8;3;0;10;0;0;5;3;3;3;2;0
15;39;27;41;2;17;44;32;40;-20;24;2.9;4;0;10;0;0;5;3;2;2;2;0
2;31;31;29;5;14;47;43;30;-19;21;2.7;2;0;10;0;0;4;4;2;2;2;0
15;40;34;27;13;14;47;31;30;-9;25;2.75;4;0;10;0;0;4;4;3;2;2;0
13;36;44;30;6;31;59;29;46;-6;27.7;2.833;19;0;10;0;0;6;5;3;3;2;1
4;38;34;38;1;1;22;27;31;3;21;2.4;4;0;10;0;0;1;1;3;2;1;0
12;51;28;29;17;0;24;31;30;-15;23;2.45;8;0;10;0;0;1;1;2;2;1;0
2;31;31;29;9;14;47;43;30;-19;20;2.8;6;0;11;0;0;4;4;2;2;2;0
8;38;30;31;29;13;30;36;90;-21;24;2.77;32;1;11;0;0;4;2;2;2;2;0
12;51;28;29;21;3;29;37;28;-19;24;2.6;27;1;11;1;0;2;2;2;2;1;0
18;41;47;43;41;12;35;29;30;1;26;2.8;16;0;11;0;0;4;2;3;3;2;1
15;40;34;27;21;23;55;36;27;-30;26;2.81;30;1;11;0;0;5;4;1;3;2;0
8;38;30;31;30;23;55;36;27;-30;26;2.81;31;1;11;0;0;5;4;1;3;2;0
12;51;28;29;22;13;35;36;45;-3;27;2.6;26;1;11;0;0;4;2;3;3;1;0
22;56;27;34;29;21;43;29;31;-29;19;2.85;14;0;11;0;0;5;3;2;2;2;0
13;36;44;30;15;15;39;28;77;-7;24.7;2.446;1;0;10;0;0;4;3;3;2;1;0
13;36;44;30;17;8;50;46;134;-51;2.47;2.616;1;0;11;0;0;4;4;1;1;2;0
13;47;25;36;2;7;36;45;77;-19;23;2.45;3;0;11;0;0;4;3;2;2;1;0
7;31;31;45;2;20;52;32;30;-30;19;2.95;1;0;11;0;0;5;4;1;2;2;0
14;38;46;34;2;0;34;33;56;2;26;2.8;4;0;11;0;0;1;2;3;3;2;1
14;38;46;34;6;23;49;26;48;-9;26;2.78;4;0;11;0;0;5;4;3;3;2;1
8;45;28;32;9;1;36;32;29;12;14.9;2.59;1;0;11;0;0;1;3;4;1;1;0
14;38;46;34;7;1;22;28;31;3;17;2.5;19;0;11;0;0;1;1;3;2;1;0
13;36;44;30;22;1;44;28;31;1;27.7;2.568;1;0;11;0;0;1;3;3;3;1;0
4;38;34;38;19;1;22;27;31;3;21;2.4;22;0;11;0;0;1;1;3;2;1;0
2;31;31;29;24;14;47;43;30;-19;18;2.6;22;0;11;0;0;4;4;2;2;1;1
15;40;28;32;9;1;36;32;29;12;14.9;2.59;1;0;11;0;0;1;3;4;1;1;0
13;36;44;30;26;15;39;28;77;-7;24.7;2.446;11;0;11;0;0;4;3;3;2;1;0
2;31;31;29;27;14;47;43;30;-19;19;2.6;23;0;11;0;0;4;4;2;2;1;1
7;31;31;45;12;20;52;32;30;-30;19;2.95;12;0;11;0;0;5;4;1;2;2;0
14;38;46;34;12;0;34;33;56;2;26;2.8;14;0;11;0;0;1;2;3;3;2;0
4;38;34;38;24;1;22;27;31;3;21;2.4;27;0;11;0;0;1;1;3;2;1;1
13;36;44;30;31;8;50;46;134;-51;2.47;2.616;15;0;11;0;0;4;4;1;1;2;0
8;45;28;32;20;1;36;32;29;12;14.9;2.59;12;0;11;0;0;1;3;4;1;1;0
7;31;31;45;18;2;24;31;30;-5;14;2.55;5;0;11;0;0;2;1;3;1;1;0
14;43;28;32;5;14;44;30;33;-5;25;2.7;14;0;11;0;0;4;3;3;2;2;1
14;43;28;32;5;1;42;29;60;-5;25;2.8;2;0;11;0;0;1;3;3;2;2;1
13;36;44;30;35;15;39;28;77;-7;24.7;2.446;20;0;11;0;0;4;3;3;2;1;0
14;38;46;34;20;23;49;26;48;-9;26;2.78;18;0;11;0;0;5;4;3;3;2;0
13;36;44;30;37;1;44;28;31;1;27.7;2.568;14;0;11;0;0;1;3;3;3;1;0
14;41;31;32;20;2;43;41;18;-13;26;2.65;16;0;11;0;0;2;3;2;3;2;0
14;43;28;32;10;14;52;27;29;-8;15;2.6;17;0;12;0;0;4;4;3;1;1;0
14;43;28;32;10;5;30;29;30;4;25;2.6;6;0;12;0;0;3;2;3;2;1;0
7;31;31;45;23;20;52;32;30;-30;19;2.95;23;0;12;0;0;5;4;1;2;2;0
13;36;44;30;39;1;44;28;31;1;27.7;2.568;16;0;12;0;0;1;3;3;3;1;0
7;31;31;45;23;2;24;31;30;-5;14;2.55;10;0;12;0;0;2;1;3;1;1;0
13;36;44;30;39;8;50;46;134;-51;2.47;2.616;22;0;12;0;0;4;4;1;1;2;0
13;47;25;36;23;7;36;45;77;-19;23;2.45;24;0;12;1;0;4;3;2;2;1;0
14;41;31;32;23;10;43;30;77;6;27;2.7;24;0;12;0;0;4;3;3;3;2;0
8;45;28;32;25;1;36;32;29;12;14.9;2.59;20;0;12;0;0;1;3;4;1;1;0
14;41;31;32;23;7;35;30;22;-8;26;2.65;18;0;12;0;0;4;2;3;3;2;0
14;38;46;34;28;23;49;26;48;-9;26;2.78;29;0;12;0;0;5;4;3;3;2;0
14;38;46;34;31;0;34;33;56;2;26;2.8;33;0;12;0;0;1;2;3;3;2;0
13;47;25;36;31;7;36;45;77;-19;23;2.45;32;1;12;0;0;4;3;2;2;1;0
